"","transactionID","item"
"1",187,"NPS"
"2",22,"General Insurance"
"3",355,"PPF"
"4",329,"General Insurance"
"5",125,"FD"
"6",151,"Mobile Banking"
"7",293,"PPF"
"8",167,"Credit Card"
"9",312,"Stocks"
"10",273,"Stocks"
"11",440,"General Insurance"
"12",354,"Savings Account"
"13",366,"Car Insurance"
"14",466,"PPF"
"15",228,"PPF"
"16",296,"NRI Banking"
"17",411,"NRI Banking"
"18",113,"Stocks"
"19",206,"Bonds"
"20",20,"General Insurance"
"21",351,"Credit Card"
"22",479,"Credit Card"
"23",107,"General Insurance"
"24",331,"General Insurance"
"25",462,"Stocks"
"26",398,"Mobile Banking"
"27",36,"General Insurance"
"28",195,"Bonds"
"29",204,"General Insurance"
"30",330,"Debit Card"
"31",212,"Car Insurance"
"32",161,"NRI Banking"
"33",99,"Savings Account"
"34",82,"Savings Account"
"35",262,"FD"
"36",457,"NPS"
"37",104,"PPF"
"38",408,"NRI Banking"
"39",11,"Bonds"
"40",463,"FD"
"41",218,"PPF"
"42",222,"Debit Card"
"43",381,"NRI Banking"
"44",167,"NRI Banking"
"45",198,"Stocks"
"46",117,"Car Insurance"
"47",36,"Credit Card"
"48",457,"General Insurance"
"49",386,"Mobile Banking"
"50",54,"Mobile Banking"
"51",40,"FD"
"52",217,"Mobile Banking"
"53",340,"Debit Card"
"54",368,"Mutual Funds"
"55",227,"Debit Card"
"56",392,"Stocks"
"57",340,"Mobile Banking"
"58",260,"FD"
"59",346,"Mutual Funds"
"60",295,"Savings Account"
"61",408,"Credit Card"
"62",406,"Stocks"
"63",305,"PPF"
"64",497,"NRI Banking"
"65",422,"Credit Card"
"66",358,"FD"
"67",10,"Savings Account"
"68",153,"Savings Account"
"69",442,"Bonds"
"70",471,"General Insurance"
"71",118,"Savings Account"
"72",469,"Mobile Banking"
"73",284,"General Insurance"
"74",422,"Stocks"
"75",411,"Credit Card"
"76",140,"Debit Card"
"77",24,"Savings Account"
"78",113,"Savings Account"
"79",337,"Car Insurance"
"80",480,"Car Insurance"
"81",343,"Car Insurance"
"82",388,"Savings Account"
"83",388,"Mutual Funds"
"84",492,"PPF"
"85",6,"General Insurance"
"86",477,"NRI Banking"
"87",162,"NPS"
"88",215,"Debit Card"
"89",68,"Credit Card"
"90",10,"Mutual Funds"
"91",329,"Mobile Banking"
"92",458,"FD"
"93",358,"NRI Banking"
"94",92,"General Insurance"
"95",121,"Savings Account"
"96",419,"NPS"
"97",193,"Car Insurance"
"98",117,"Savings Account"
"99",35,"Savings Account"
"100",32,"Mobile Banking"
"101",63,"Savings Account"
"102",12,"Savings Account"
"103",196,"General Insurance"
"104",430,"Car Insurance"
"105",360,"Car Insurance"
"106",170,"Savings Account"
"107",41,"Stocks"
"108",19,"Mobile Banking"
"109",387,"Stocks"
"110",498,"Debit Card"
"111",74,"Bonds"
"112",20,"FD"
"113",283,"Mobile Banking"
"114",445,"Car Insurance"
"115",436,"Mutual Funds"
"116",491,"Mutual Funds"
"117",440,"General Insurance"
"118",256,"Mobile Banking"
"119",168,"PPF"
"120",307,"NPS"
"121",199,"Mutual Funds"
"122",70,"NPS"
"123",40,"Car Insurance"
"124",276,"Debit Card"
"125",131,"Mobile Banking"
"126",405,"Stocks"
"127",273,"Stocks"
"128",238,"Mutual Funds"
"129",332,"Debit Card"
"130",47,"Credit Card"
"131",326,"Bonds"
"132",185,"Bonds"
"133",123,"Bonds"
"134",150,"FD"
"135",280,"NPS"
"136",241,"PPF"
"137",239,"Credit Card"
"138",468,"Debit Card"
"139",236,"Credit Card"
"140",340,"Mobile Banking"
"141",468,"PPF"
"142",137,"Car Insurance"
"143",474,"Mobile Banking"
"144",157,"NPS"
"145",438,"General Insurance"
"146",84,"NRI Banking"
"147",235,"Stocks"
"148",327,"NPS"
"149",18,"Car Insurance"
"150",218,"Mobile Banking"
"151",75,"PPF"
"152",230,"PPF"
"153",310,"General Insurance"
"154",479,"General Insurance"
"155",51,"NRI Banking"
"156",114,"Savings Account"
"157",278,"Savings Account"
"158",386,"PPF"
"159",240,"NRI Banking"
"160",441,"Mutual Funds"
"161",484,"PPF"
"162",346,"PPF"
"163",434,"Mutual Funds"
"164",281,"NRI Banking"
"165",153,"Bonds"
"166",500,"PPF"
"167",147,"NRI Banking"
"168",452,"NRI Banking"
"169",21,"General Insurance"
"170",300,"Mobile Banking"
"171",341,"PPF"
"172",492,"Debit Card"
"173",252,"Bonds"
"174",372,"Stocks"
"175",456,"Debit Card"
"176",495,"Debit Card"
"177",383,"Car Insurance"
"178",411,"Car Insurance"
"179",470,"NPS"
"180",336,"Mutual Funds"
"181",454,"Bonds"
"182",382,"PPF"
"183",244,"Car Insurance"
"184",126,"Debit Card"
"185",180,"Mutual Funds"
"186",5,"FD"
"187",118,"General Insurance"
"188",54,"FD"
"189",306,"Savings Account"
"190",103,"Stocks"
"191",108,"General Insurance"
"192",9,"Savings Account"
"193",165,"NPS"
"194",135,"Car Insurance"
"195",457,"General Insurance"
"196",209,"Debit Card"
"197",346,"Mobile Banking"
"198",451,"General Insurance"
"199",104,"Credit Card"
"200",231,"Car Insurance"
"201",303,"FD"
"202",282,"Credit Card"
"203",139,"NPS"
"204",114,"Debit Card"
"205",492,"FD"
"206",50,"FD"
"207",440,"Savings Account"
"208",117,"Debit Card"
"209",387,"PPF"
"210",236,"Stocks"
"211",205,"Mutual Funds"
"212",412,"NPS"
"213",268,"General Insurance"
"214",246,"Mutual Funds"
"215",8,"Credit Card"
"216",322,"Savings Account"
"217",161,"General Insurance"
"218",268,"Car Insurance"
"219",478,"Mobile Banking"
"220",21,"Mobile Banking"
"221",143,"Stocks"
"222",246,"General Insurance"
"223",241,"NRI Banking"
"224",220,"Bonds"
"225",219,"General Insurance"
"226",94,"Mutual Funds"
"227",473,"PPF"
"228",73,"Savings Account"
"229",390,"NPS"
"230",407,"General Insurance"
"231",111,"Credit Card"
"232",159,"Mutual Funds"
"233",133,"Savings Account"
"234",261,"FD"
"235",102,"Savings Account"
"236",327,"FD"
"237",139,"Mobile Banking"
"238",205,"Stocks"
"239",419,"Savings Account"
"240",218,"Credit Card"
"241",128,"General Insurance"
"242",429,"Mobile Banking"
"243",110,"NRI Banking"
"244",94,"FD"
"245",11,"Mobile Banking"
"246",233,"Mobile Banking"
"247",149,"Savings Account"
"248",95,"Car Insurance"
"249",335,"Stocks"
"250",141,"Mobile Banking"
"251",111,"FD"
"252",246,"General Insurance"
"253",113,"NPS"
"254",411,"Stocks"
"255",192,"Savings Account"
"256",314,"Car Insurance"
"257",476,"Savings Account"
"258",389,"Savings Account"
"259",54,"Savings Account"
"260",115,"Car Insurance"
"261",109,"Bonds"
"262",347,"Car Insurance"
"263",299,"Bonds"
"264",140,"Savings Account"
"265",222,"Stocks"
"266",449,"NRI Banking"
"267",27,"PPF"
"268",333,"FD"
"269",415,"NRI Banking"
"270",376,"General Insurance"
"271",18,"Credit Card"
"272",323,"Credit Card"
"273",482,"NPS"
"274",181,"Credit Card"
"275",486,"General Insurance"
"276",246,"Mobile Banking"
"277",466,"Bonds"
"278",301,"Bonds"
"279",176,"Stocks"
"280",44,"NRI Banking"
"281",91,"Bonds"
"282",55,"Mutual Funds"
"283",184,"Credit Card"
"284",5,"Bonds"
"285",40,"Mutual Funds"
"286",150,"Bonds"
"287",294,"Bonds"
"288",352,"Bonds"
"289",375,"Car Insurance"
"290",158,"FD"
"291",194,"FD"
"292",495,"Car Insurance"
"293",341,"Bonds"
"294",445,"PPF"
"295",160,"Savings Account"
"296",232,"Mutual Funds"
"297",203,"PPF"
"298",463,"Mobile Banking"
"299",164,"Stocks"
"300",56,"Debit Card"
"301",135,"PPF"
"302",119,"Stocks"
"303",300,"NPS"
"304",105,"Credit Card"
"305",113,"Mutual Funds"
"306",281,"Credit Card"
"307",385,"NRI Banking"
"308",317,"Car Insurance"
"309",172,"NRI Banking"
"310",100,"Savings Account"
"311",2,"Mutual Funds"
"312",425,"Savings Account"
"313",340,"Bonds"
"314",102,"Mutual Funds"
"315",492,"NPS"
"316",377,"Credit Card"
"317",197,"General Insurance"
"318",46,"Savings Account"
"319",300,"NRI Banking"
"320",339,"Debit Card"
"321",258,"Savings Account"
"322",181,"NPS"
"323",327,"Debit Card"
"324",264,"FD"
"325",34,"Stocks"
"326",419,"Car Insurance"
"327",29,"NRI Banking"
"328",372,"FD"
"329",89,"Credit Card"
"330",350,"Car Insurance"
"331",391,"FD"
"332",380,"Car Insurance"
"333",109,"FD"
"334",108,"Car Insurance"
"335",51,"Car Insurance"
"336",75,"NRI Banking"
"337",250,"Debit Card"
"338",360,"Credit Card"
"339",17,"General Insurance"
"340",11,"Car Insurance"
"341",338,"Stocks"
"342",469,"Debit Card"
"343",167,"Bonds"
"344",29,"Mutual Funds"
"345",382,"Mobile Banking"
"346",465,"Mutual Funds"
"347",416,"Credit Card"
"348",90,"Credit Card"
"349",325,"NPS"
"350",336,"General Insurance"
"351",445,"General Insurance"
"352",93,"Bonds"
"353",247,"General Insurance"
"354",66,"Mobile Banking"
"355",243,"Stocks"
"356",302,"Debit Card"
"357",447,"FD"
"358",321,"Car Insurance"
"359",85,"NRI Banking"
"360",6,"Car Insurance"
"361",411,"Car Insurance"
"362",108,"Credit Card"
"363",87,"Savings Account"
"364",7,"Credit Card"
"365",273,"Debit Card"
"366",263,"Mobile Banking"
"367",355,"NRI Banking"
"368",293,"NPS"
"369",352,"NRI Banking"
"370",396,"Car Insurance"
"371",96,"Bonds"
"372",335,"Car Insurance"
"373",213,"General Insurance"
"374",259,"NRI Banking"
"375",208,"Mutual Funds"
"376",500,"Mutual Funds"
"377",210,"Car Insurance"
"378",380,"General Insurance"
"379",479,"Debit Card"
"380",70,"PPF"
"381",291,"Stocks"
"382",192,"Savings Account"
"383",348,"General Insurance"
"384",70,"Mobile Banking"
"385",464,"NRI Banking"
"386",343,"NRI Banking"
"387",322,"PPF"
"388",61,"Mobile Banking"
"389",96,"Savings Account"
"390",458,"PPF"
"391",248,"NPS"
"392",127,"NRI Banking"
"393",118,"PPF"
"394",444,"Car Insurance"
"395",488,"General Insurance"
"396",353,"Debit Card"
"397",148,"General Insurance"
"398",75,"PPF"
"399",245,"Debit Card"
"400",57,"Debit Card"
"401",218,"Stocks"
"402",413,"PPF"
"403",42,"General Insurance"
"404",435,"FD"
"405",333,"Bonds"
"406",481,"Savings Account"
"407",108,"Savings Account"
"408",414,"General Insurance"
"409",444,"General Insurance"
"410",120,"Bonds"
"411",408,"NRI Banking"
"412",288,"Mutual Funds"
"413",230,"Mobile Banking"
"414",26,"Car Insurance"
"415",309,"Mobile Banking"
"416",497,"PPF"
"417",290,"PPF"
"418",170,"Stocks"
"419",219,"General Insurance"
"420",108,"NRI Banking"
"421",469,"Savings Account"
"422",486,"General Insurance"
"423",8,"Credit Card"
"424",201,"FD"
"425",363,"Car Insurance"
"426",230,"PPF"
"427",259,"Car Insurance"
"428",415,"Bonds"
"429",452,"Savings Account"
"430",377,"Car Insurance"
"431",381,"General Insurance"
"432",420,"FD"
"433",318,"Stocks"
"434",223,"NRI Banking"
"435",235,"Debit Card"
"436",368,"NRI Banking"
"437",338,"FD"
"438",201,"Mobile Banking"
"439",450,"General Insurance"
"440",239,"General Insurance"
"441",449,"FD"
"442",484,"Stocks"
"443",304,"NPS"
"444",286,"Debit Card"
"445",227,"Bonds"
"446",485,"Debit Card"
"447",394,"FD"
"448",51,"FD"
"449",152,"Debit Card"
"450",115,"FD"
"451",172,"PPF"
"452",143,"Mutual Funds"
"453",445,"FD"
"454",276,"Bonds"
"455",267,"NPS"
"456",171,"Mutual Funds"
"457",362,"Mutual Funds"
"458",356,"General Insurance"
"459",152,"Bonds"
"460",201,"Mobile Banking"
"461",390,"Mobile Banking"
"462",218,"NPS"
"463",395,"Stocks"
"464",171,"Car Insurance"
"465",122,"NPS"
"466",278,"Bonds"
"467",441,"NRI Banking"
"468",314,"Savings Account"
"469",361,"Mobile Banking"
"470",80,"Mobile Banking"
"471",161,"Mutual Funds"
"472",178,"Mobile Banking"
"473",326,"Mobile Banking"
"474",293,"Car Insurance"
"475",149,"NPS"
"476",271,"Mutual Funds"
"477",428,"Bonds"
"478",276,"NPS"
"479",210,"FD"
"480",113,"Mobile Banking"
"481",365,"Debit Card"
"482",26,"Debit Card"
"483",146,"PPF"
"484",20,"Bonds"
"485",9,"General Insurance"
"486",350,"Bonds"
"487",300,"General Insurance"
"488",20,"Debit Card"
"489",240,"General Insurance"
"490",333,"Savings Account"
"491",128,"NRI Banking"
"492",60,"Mutual Funds"
"493",37,"PPF"
"494",331,"NPS"
"495",255,"PPF"
"496",455,"General Insurance"
"497",355,"Savings Account"
"498",121,"FD"
"499",105,"NPS"
"500",223,"Car Insurance"
"501",203,"FD"
"502",302,"Mobile Banking"
"503",181,"General Insurance"
"504",146,"FD"
"505",397,"Mobile Banking"
"506",351,"Bonds"
"507",183,"Stocks"
"508",277,"Stocks"
"509",60,"Bonds"
"510",75,"Car Insurance"
"511",76,"NPS"
"512",337,"Bonds"
"513",236,"Credit Card"
"514",142,"Credit Card"
"515",399,"Bonds"
"516",392,"Mobile Banking"
"517",76,"FD"
"518",85,"Credit Card"
"519",221,"NPS"
"520",328,"NPS"
"521",195,"NPS"
"522",377,"FD"
"523",43,"Credit Card"
"524",2,"NPS"
"525",471,"PPF"
"526",329,"Bonds"
"527",142,"Debit Card"
"528",211,"Mutual Funds"
"529",493,"Debit Card"
"530",312,"Mobile Banking"
"531",394,"Car Insurance"
"532",373,"NPS"
"533",291,"Bonds"
"534",245,"Bonds"
"535",246,"Debit Card"
"536",40,"Stocks"
"537",310,"Mutual Funds"
"538",228,"Mobile Banking"
"539",67,"NPS"
"540",35,"Savings Account"
"541",390,"NRI Banking"
"542",269,"Mobile Banking"
"543",246,"NRI Banking"
"544",213,"FD"
"545",92,"Bonds"
"546",428,"Car Insurance"
"547",328,"NPS"
"548",439,"NRI Banking"
"549",63,"Savings Account"
"550",138,"FD"
"551",288,"PPF"
"552",452,"Mobile Banking"
"553",294,"Credit Card"
"554",67,"Bonds"
"555",74,"Credit Card"
"556",357,"Mobile Banking"
"557",236,"Savings Account"
"558",299,"General Insurance"
"559",30,"Bonds"
"560",447,"Mutual Funds"
"561",61,"Car Insurance"
"562",406,"Savings Account"
"563",8,"Mutual Funds"
"564",499,"NRI Banking"
"565",317,"NPS"
"566",114,"NRI Banking"
"567",409,"Mutual Funds"
"568",115,"Mobile Banking"
"569",432,"Mobile Banking"
"570",293,"NRI Banking"
"571",36,"Mutual Funds"
"572",351,"PPF"
"573",195,"Car Insurance"
"574",406,"Mutual Funds"
"575",401,"Stocks"
"576",262,"General Insurance"
"577",50,"Bonds"
"578",175,"Stocks"
"579",189,"Mutual Funds"
"580",189,"Debit Card"
"581",180,"PPF"
"582",232,"Car Insurance"
"583",461,"FD"
"584",25,"NRI Banking"
"585",200,"Stocks"
"586",487,"Car Insurance"
"587",326,"Bonds"
"588",260,"Savings Account"
"589",351,"Bonds"
"590",397,"Debit Card"
"591",366,"Bonds"
"592",219,"Debit Card"
"593",185,"Bonds"
"594",221,"Debit Card"
"595",386,"NPS"
"596",69,"FD"
"597",189,"Car Insurance"
"598",443,"Car Insurance"
"599",204,"NRI Banking"
"600",98,"Mobile Banking"
"601",61,"Mutual Funds"
"602",264,"Debit Card"
"603",203,"NRI Banking"
"604",211,"Stocks"
"605",441,"NRI Banking"
"606",113,"Savings Account"
"607",292,"NRI Banking"
"608",171,"NRI Banking"
"609",242,"Bonds"
"610",88,"PPF"
"611",83,"Debit Card"
"612",224,"NRI Banking"
"613",359,"Car Insurance"
"614",32,"Mobile Banking"
"615",52,"Stocks"
"616",129,"Credit Card"
"617",428,"Mobile Banking"
"618",276,"Credit Card"
"619",167,"Debit Card"
"620",333,"Savings Account"
"621",298,"PPF"
"622",173,"Bonds"
"623",154,"PPF"
"624",371,"General Insurance"
"625",23,"Mobile Banking"
"626",422,"NRI Banking"
"627",350,"Savings Account"
"628",271,"PPF"
"629",471,"General Insurance"
"630",306,"Mutual Funds"
"631",4,"Stocks"
"632",129,"General Insurance"
"633",221,"Bonds"
"634",102,"NRI Banking"
"635",492,"Credit Card"
"636",145,"Savings Account"
"637",183,"Car Insurance"
"638",21,"Car Insurance"
"639",419,"Stocks"
"640",156,"Bonds"
"641",327,"Credit Card"
"642",385,"Mutual Funds"
"643",153,"General Insurance"
"644",499,"FD"
"645",74,"General Insurance"
"646",16,"PPF"
"647",260,"Stocks"
"648",1,"Car Insurance"
"649",79,"General Insurance"
"650",393,"Stocks"
"651",128,"NRI Banking"
"652",378,"FD"
"653",269,"PPF"
"654",144,"Mutual Funds"
"655",254,"NRI Banking"
"656",91,"NPS"
"657",28,"PPF"
"658",69,"Mutual Funds"
"659",343,"NRI Banking"
"660",444,"General Insurance"
"661",206,"Car Insurance"
"662",366,"Car Insurance"
"663",166,"Savings Account"
"664",441,"Mobile Banking"
"665",454,"PPF"
"666",222,"Car Insurance"
"667",160,"Debit Card"
"668",499,"Stocks"
"669",46,"Bonds"
"670",342,"PPF"
"671",477,"Mutual Funds"
"672",249,"Debit Card"
"673",353,"Mutual Funds"
"674",386,"FD"
"675",421,"Mobile Banking"
"676",123,"Stocks"
"677",317,"FD"
"678",320,"Bonds"
"679",73,"Car Insurance"
"680",144,"NPS"
"681",242,"NRI Banking"
"682",205,"Credit Card"
"683",50,"NPS"
"684",322,"NRI Banking"
"685",93,"FD"
"686",472,"Mutual Funds"
"687",354,"Savings Account"
"688",449,"Car Insurance"
"689",417,"Savings Account"
"690",186,"FD"
"691",202,"General Insurance"
"692",411,"PPF"
"693",403,"NRI Banking"
"694",240,"Bonds"
"695",125,"Mutual Funds"
"696",491,"Debit Card"
"697",155,"Car Insurance"
"698",25,"FD"
"699",484,"Stocks"
"700",30,"Credit Card"
"701",186,"PPF"
"702",198,"NRI Banking"
"703",302,"General Insurance"
"704",28,"NRI Banking"
"705",67,"Bonds"
"706",179,"Debit Card"
"707",428,"Savings Account"
"708",371,"Debit Card"
"709",291,"NRI Banking"
"710",487,"Savings Account"
"711",11,"PPF"
"712",484,"Mutual Funds"
"713",446,"Mutual Funds"
"714",468,"Credit Card"
"715",443,"Car Insurance"
"716",107,"General Insurance"
"717",391,"Mutual Funds"
"718",36,"Credit Card"
"719",40,"General Insurance"
"720",167,"General Insurance"
"721",167,"FD"
"722",56,"NRI Banking"
"723",165,"Debit Card"
"724",86,"Credit Card"
"725",456,"NPS"
"726",428,"Debit Card"
"727",71,"Car Insurance"
"728",188,"NPS"
"729",185,"Credit Card"
"730",169,"FD"
"731",387,"NRI Banking"
"732",298,"Car Insurance"
"733",489,"PPF"
"734",333,"Credit Card"
"735",482,"Bonds"
"736",450,"FD"
"737",55,"Car Insurance"
"738",271,"Car Insurance"
"739",1,"Mobile Banking"
"740",258,"NRI Banking"
"741",70,"General Insurance"
"742",70,"General Insurance"
"743",263,"NRI Banking"
"744",348,"FD"
"745",214,"Credit Card"
"746",412,"PPF"
"747",317,"NPS"
"748",122,"Mobile Banking"
"749",433,"Mutual Funds"
"750",305,"Bonds"
"751",378,"Bonds"
"752",390,"Mutual Funds"
"753",341,"PPF"
"754",144,"PPF"
"755",26,"FD"
"756",369,"Mobile Banking"
"757",125,"Mutual Funds"
"758",77,"Stocks"
"759",344,"NPS"
"760",108,"Mobile Banking"
"761",295,"Mobile Banking"
"762",78,"Mobile Banking"
"763",130,"FD"
"764",350,"Car Insurance"
"765",228,"Stocks"
"766",45,"General Insurance"
"767",350,"Mobile Banking"
"768",407,"Mobile Banking"
"769",498,"Credit Card"
"770",440,"General Insurance"
"771",354,"Car Insurance"
"772",266,"Savings Account"
"773",429,"NRI Banking"
"774",42,"NRI Banking"
"775",114,"General Insurance"
"776",115,"Savings Account"
"777",394,"Car Insurance"
"778",474,"NRI Banking"
"779",114,"NPS"
"780",483,"PPF"
"781",311,"Debit Card"
"782",65,"Bonds"
"783",454,"PPF"
"784",160,"FD"
"785",198,"Mobile Banking"
"786",207,"NRI Banking"
"787",303,"Car Insurance"
"788",216,"Mutual Funds"
"789",437,"Debit Card"
"790",18,"NRI Banking"
"791",81,"NRI Banking"
"792",52,"NRI Banking"
"793",126,"Mobile Banking"
"794",57,"Car Insurance"
"795",15,"Bonds"
"796",217,"Mobile Banking"
"797",119,"NRI Banking"
"798",224,"PPF"
"799",176,"Savings Account"
"800",157,"Mutual Funds"
"801",188,"Stocks"
"802",164,"Credit Card"
"803",10,"Stocks"
"804",10,"NPS"
"805",17,"FD"
"806",160,"Mobile Banking"
"807",335,"Mobile Banking"
"808",404,"NPS"
"809",279,"Mobile Banking"
"810",10,"Mutual Funds"
"811",103,"Savings Account"
"812",488,"Stocks"
"813",43,"FD"
"814",237,"Mobile Banking"
"815",255,"Debit Card"
"816",371,"NPS"
"817",472,"Bonds"
"818",19,"Bonds"
"819",112,"Bonds"
"820",312,"Mutual Funds"
"821",148,"Car Insurance"
"822",179,"Car Insurance"
"823",199,"Credit Card"
"824",107,"Mobile Banking"
"825",130,"FD"
"826",3,"NPS"
"827",444,"Mobile Banking"
"828",240,"Credit Card"
"829",482,"Car Insurance"
"830",305,"Car Insurance"
"831",238,"FD"
"832",456,"NPS"
"833",367,"Bonds"
"834",426,"NRI Banking"
"835",87,"Debit Card"
"836",33,"Mutual Funds"
"837",17,"Debit Card"
"838",35,"Stocks"
"839",92,"Mutual Funds"
"840",7,"Stocks"
"841",86,"NPS"
"842",302,"Bonds"
"843",101,"Mutual Funds"
"844",420,"Stocks"
"845",354,"Bonds"
"846",462,"PPF"
"847",474,"Savings Account"
"848",41,"Credit Card"
"849",129,"Credit Card"
"850",230,"General Insurance"
"851",243,"Mobile Banking"
"852",233,"General Insurance"
"853",228,"Mobile Banking"
"854",152,"Savings Account"
"855",447,"Mutual Funds"
"856",91,"Bonds"
"857",123,"Stocks"
"858",39,"PPF"
"859",61,"Mutual Funds"
"860",80,"Bonds"
"861",73,"Car Insurance"
"862",105,"NRI Banking"
"863",383,"Credit Card"
"864",36,"Mutual Funds"
"865",321,"General Insurance"
"866",391,"Savings Account"
"867",301,"Bonds"
"868",398,"NRI Banking"
"869",388,"NRI Banking"
"870",301,"Credit Card"
"871",81,"Savings Account"
"872",460,"Bonds"
"873",466,"Bonds"
"874",463,"Stocks"
"875",117,"Mobile Banking"
"876",171,"Car Insurance"
"877",270,"Savings Account"
"878",340,"Savings Account"
"879",293,"Credit Card"
"880",110,"Credit Card"
"881",349,"NPS"
"882",431,"Savings Account"
"883",192,"Bonds"
"884",256,"Mobile Banking"
"885",182,"FD"
"886",327,"Bonds"
"887",277,"Car Insurance"
"888",202,"PPF"
"889",206,"PPF"
"890",431,"Credit Card"
"891",403,"Credit Card"
"892",298,"FD"
"893",473,"FD"
"894",420,"NRI Banking"
"895",164,"Mutual Funds"
"896",211,"NPS"
"897",59,"NPS"
"898",305,"Savings Account"
"899",299,"Mobile Banking"
"900",118,"Stocks"
"901",112,"General Insurance"
"902",44,"Debit Card"
"903",174,"Debit Card"
"904",485,"Car Insurance"
"905",21,"Mobile Banking"
"906",344,"NRI Banking"
"907",302,"FD"
"908",388,"Stocks"
"909",27,"General Insurance"
"910",295,"Credit Card"
"911",227,"Debit Card"
"912",193,"NRI Banking"
"913",314,"Mutual Funds"
"914",333,"NRI Banking"
"915",15,"Savings Account"
"916",317,"Mobile Banking"
"917",160,"Mobile Banking"
"918",322,"NRI Banking"
"919",275,"FD"
"920",478,"Savings Account"
"921",65,"Credit Card"
"922",106,"General Insurance"
"923",172,"NPS"
"924",240,"FD"
"925",252,"Car Insurance"
"926",196,"Stocks"
"927",375,"General Insurance"
"928",62,"FD"
"929",38,"Mobile Banking"
"930",113,"FD"
"931",64,"Mobile Banking"
"932",118,"Car Insurance"
"933",191,"Debit Card"
"934",14,"Car Insurance"
"935",42,"Debit Card"
"936",138,"NRI Banking"
"937",11,"Stocks"
"938",49,"NPS"
"939",347,"Car Insurance"
"940",342,"Debit Card"
"941",390,"NPS"
"942",409,"Debit Card"
"943",27,"Mutual Funds"
"944",230,"FD"
"945",437,"Mobile Banking"
"946",312,"Debit Card"
"947",492,"PPF"
"948",316,"NPS"
"949",217,"NPS"
"950",276,"Debit Card"
"951",198,"Credit Card"
"952",404,"Mutual Funds"
"953",394,"NRI Banking"
"954",398,"Savings Account"
"955",162,"Credit Card"
"956",213,"PPF"
"957",83,"PPF"
"958",187,"Debit Card"
"959",160,"Car Insurance"
"960",156,"Car Insurance"
"961",415,"Stocks"
"962",32,"General Insurance"
"963",423,"Stocks"
"964",446,"NPS"
"965",481,"Savings Account"
"966",256,"NRI Banking"
"967",427,"PPF"
"968",470,"Mobile Banking"
"969",177,"Mutual Funds"
"970",439,"Stocks"
"971",348,"Mobile Banking"
"972",16,"Credit Card"
"973",72,"Mutual Funds"
"974",95,"Debit Card"
"975",222,"NPS"
"976",497,"Mobile Banking"
"977",78,"Stocks"
"978",310,"NPS"
"979",447,"Savings Account"
"980",282,"Bonds"
"981",235,"Credit Card"
"982",144,"Credit Card"
"983",105,"NRI Banking"
"984",499,"Debit Card"
"985",80,"Debit Card"
"986",219,"Debit Card"
"987",98,"Stocks"
"988",245,"FD"
"989",86,"General Insurance"
"990",470,"Credit Card"
"991",66,"Bonds"
"992",398,"Credit Card"
"993",224,"Credit Card"
"994",48,"FD"
"995",96,"NPS"
"996",471,"FD"
"997",302,"Stocks"
"998",325,"General Insurance"
"999",21,"Savings Account"
"1000",75,"Mobile Banking"
