"rules","support","confidence","lift","count"
"1","{Product N} => {Product D}",0.0666666666666667,1,5,1
"2","{Product N} => {Product G}",0.0666666666666667,1,3,1
"3","{Product N} => {Product E}",0.0666666666666667,1,2.5,1
"4","{Product N} => {Product H}",0.0666666666666667,1,2.14285714285714,1
"5","{Product N} => {Product F}",0.0666666666666667,1,2.14285714285714,1
"6","{Product D} => {Product G}",0.2,1,3,3
"7","{Product D} => {Product E}",0.2,1,2.5,3
"8","{Product D} => {Product H}",0.2,1,2.14285714285714,3
"9","{Product D} => {Product F}",0.2,1,2.14285714285714,3
"10","{Product K} => {Product E}",0.2,1,2.5,3
"11","{Product K} => {Product J}",0.2,1,2.5,3
"12","{Product K} => {Product H}",0.2,1,2.14285714285714,3
"13","{Product K} => {Product F}",0.2,1,2.14285714285714,3
"14","{Product K} => {Product I}",0.2,1,1.36363636363636,3
"15","{Product B} => {Product A}",0.333333333333333,0.833333333333333,1.78571428571429,5
"16","{Product B} => {Product C}",0.4,1,2.14285714285714,6
"17","{Product C} => {Product B}",0.4,0.857142857142857,2.14285714285714,6
"18","{Product B} => {Product I}",0.333333333333333,0.833333333333333,1.13636363636364,5
"19","{Product G} => {Product E}",0.266666666666667,0.8,2,4
"20","{Product G} => {Product H}",0.266666666666667,0.8,1.71428571428571,4
"21","{Product G} => {Product F}",0.333333333333333,1,2.14285714285714,5
"22","{Product A} => {Product I}",0.466666666666667,1,1.36363636363636,7
"23","{Product C} => {Product I}",0.4,0.857142857142857,1.16883116883117,6
"24","{Product E} => {Product H}",0.4,1,2.14285714285714,6
"25","{Product H} => {Product E}",0.4,0.857142857142857,2.14285714285714,6
"26","{Product E} => {Product F}",0.333333333333333,0.833333333333333,1.78571428571429,5
"27","{Product J} => {Product F}",0.333333333333333,0.833333333333333,1.78571428571429,5
"28","{Product J} => {Product I}",0.4,1,1.36363636363636,6
"29","{Product H} => {Product F}",0.4,0.857142857142857,1.83673469387755,6
"30","{Product F} => {Product H}",0.4,0.857142857142857,1.83673469387755,6
"31","{Product D,Product N} => {Product G}",0.0666666666666667,1,3,1
"32","{Product G,Product N} => {Product D}",0.0666666666666667,1,5,1
"33","{Product D,Product N} => {Product E}",0.0666666666666667,1,2.5,1
"34","{Product E,Product N} => {Product D}",0.0666666666666667,1,5,1
"35","{Product D,Product N} => {Product H}",0.0666666666666667,1,2.14285714285714,1
"36","{Product H,Product N} => {Product D}",0.0666666666666667,1,5,1
"37","{Product D,Product N} => {Product F}",0.0666666666666667,1,2.14285714285714,1
"38","{Product F,Product N} => {Product D}",0.0666666666666667,1,5,1
"39","{Product G,Product N} => {Product E}",0.0666666666666667,1,2.5,1
"40","{Product E,Product N} => {Product G}",0.0666666666666667,1,3,1
"41","{Product G,Product N} => {Product H}",0.0666666666666667,1,2.14285714285714,1
"42","{Product H,Product N} => {Product G}",0.0666666666666667,1,3,1
"43","{Product G,Product N} => {Product F}",0.0666666666666667,1,2.14285714285714,1
"44","{Product F,Product N} => {Product G}",0.0666666666666667,1,3,1
"45","{Product E,Product N} => {Product H}",0.0666666666666667,1,2.14285714285714,1
"46","{Product H,Product N} => {Product E}",0.0666666666666667,1,2.5,1
"47","{Product E,Product N} => {Product F}",0.0666666666666667,1,2.14285714285714,1
"48","{Product F,Product N} => {Product E}",0.0666666666666667,1,2.5,1
"49","{Product H,Product N} => {Product F}",0.0666666666666667,1,2.14285714285714,1
"50","{Product F,Product N} => {Product H}",0.0666666666666667,1,2.14285714285714,1
"51","{Product D,Product K} => {Product O}",0.0666666666666667,1,3.75,1
"52","{Product D,Product O} => {Product K}",0.0666666666666667,1,5,1
"53","{Product K,Product O} => {Product D}",0.0666666666666667,1,5,1
"54","{Product D,Product K} => {Product G}",0.0666666666666667,1,3,1
"55","{Product D,Product K} => {Product E}",0.0666666666666667,1,2.5,1
"56","{Product D,Product K} => {Product J}",0.0666666666666667,1,2.5,1
"57","{Product D,Product J} => {Product K}",0.0666666666666667,1,5,1
"58","{Product D,Product K} => {Product H}",0.0666666666666667,1,2.14285714285714,1
"59","{Product D,Product K} => {Product F}",0.0666666666666667,1,2.14285714285714,1
"60","{Product D,Product K} => {Product I}",0.0666666666666667,1,1.36363636363636,1
"61","{Product D,Product I} => {Product K}",0.0666666666666667,1,5,1
"62","{Product D,Product O} => {Product G}",0.0666666666666667,1,3,1
"63","{Product G,Product O} => {Product D}",0.0666666666666667,1,5,1
"64","{Product D,Product O} => {Product E}",0.0666666666666667,1,2.5,1
"65","{Product E,Product O} => {Product D}",0.0666666666666667,1,5,1
"66","{Product D,Product O} => {Product J}",0.0666666666666667,1,2.5,1
"67","{Product D,Product J} => {Product O}",0.0666666666666667,1,3.75,1
"68","{Product J,Product O} => {Product D}",0.0666666666666667,1,5,1
"69","{Product D,Product O} => {Product H}",0.0666666666666667,1,2.14285714285714,1
"70","{Product H,Product O} => {Product D}",0.0666666666666667,1,5,1
"71","{Product D,Product O} => {Product F}",0.0666666666666667,1,2.14285714285714,1
"72","{Product F,Product O} => {Product D}",0.0666666666666667,1,5,1
"73","{Product D,Product O} => {Product I}",0.0666666666666667,1,1.36363636363636,1
"74","{Product D,Product I} => {Product O}",0.0666666666666667,1,3.75,1
"75","{Product D,Product G} => {Product E}",0.2,1,2.5,3
"76","{Product D,Product E} => {Product G}",0.2,1,3,3
"77","{Product D,Product J} => {Product G}",0.0666666666666667,1,3,1
"78","{Product D,Product G} => {Product H}",0.2,1,2.14285714285714,3
"79","{Product D,Product H} => {Product G}",0.2,1,3,3
"80","{Product D,Product G} => {Product F}",0.2,1,2.14285714285714,3
"81","{Product D,Product F} => {Product G}",0.2,1,3,3
"82","{Product D,Product I} => {Product G}",0.0666666666666667,1,3,1
"83","{Product D,Product J} => {Product E}",0.0666666666666667,1,2.5,1
"84","{Product D,Product E} => {Product H}",0.2,1,2.14285714285714,3
"85","{Product D,Product H} => {Product E}",0.2,1,2.5,3
"86","{Product D,Product E} => {Product F}",0.2,1,2.14285714285714,3
"87","{Product D,Product F} => {Product E}",0.2,1,2.5,3
"88","{Product D,Product I} => {Product E}",0.0666666666666667,1,2.5,1
"89","{Product D,Product J} => {Product H}",0.0666666666666667,1,2.14285714285714,1
"90","{Product D,Product J} => {Product F}",0.0666666666666667,1,2.14285714285714,1
"91","{Product D,Product J} => {Product I}",0.0666666666666667,1,1.36363636363636,1
"92","{Product D,Product I} => {Product J}",0.0666666666666667,1,2.5,1
"93","{Product D,Product H} => {Product F}",0.2,1,2.14285714285714,3
"94","{Product D,Product F} => {Product H}",0.2,1,2.14285714285714,3
"95","{Product D,Product I} => {Product H}",0.0666666666666667,1,2.14285714285714,1
"96","{Product D,Product I} => {Product F}",0.0666666666666667,1,2.14285714285714,1
"97","{Product K,Product O} => {Product G}",0.0666666666666667,1,3,1
"98","{Product G,Product O} => {Product K}",0.0666666666666667,1,5,1
"99","{Product K,Product O} => {Product E}",0.0666666666666667,1,2.5,1
"100","{Product E,Product O} => {Product K}",0.0666666666666667,1,5,1
"101","{Product K,Product O} => {Product J}",0.0666666666666667,1,2.5,1
"102","{Product J,Product O} => {Product K}",0.0666666666666667,1,5,1
"103","{Product K,Product O} => {Product H}",0.0666666666666667,1,2.14285714285714,1
"104","{Product H,Product O} => {Product K}",0.0666666666666667,1,5,1
"105","{Product K,Product O} => {Product F}",0.0666666666666667,1,2.14285714285714,1
"106","{Product F,Product O} => {Product K}",0.0666666666666667,1,5,1
"107","{Product K,Product O} => {Product I}",0.0666666666666667,1,1.36363636363636,1
"108","{Product G,Product K} => {Product E}",0.133333333333333,1,2.5,2
"109","{Product G,Product K} => {Product J}",0.133333333333333,1,2.5,2
"110","{Product G,Product K} => {Product H}",0.133333333333333,1,2.14285714285714,2
"111","{Product G,Product K} => {Product F}",0.133333333333333,1,2.14285714285714,2
"112","{Product G,Product K} => {Product I}",0.133333333333333,1,1.36363636363636,2
"113","{Product E,Product K} => {Product J}",0.2,1,2.5,3
"114","{Product J,Product K} => {Product E}",0.2,1,2.5,3
"115","{Product E,Product J} => {Product K}",0.2,1,5,3
"116","{Product E,Product K} => {Product H}",0.2,1,2.14285714285714,3
"117","{Product H,Product K} => {Product E}",0.2,1,2.5,3
"118","{Product E,Product K} => {Product F}",0.2,1,2.14285714285714,3
"119","{Product F,Product K} => {Product E}",0.2,1,2.5,3
"120","{Product E,Product K} => {Product I}",0.2,1,1.36363636363636,3
"121","{Product I,Product K} => {Product E}",0.2,1,2.5,3
"122","{Product E,Product I} => {Product K}",0.2,1,5,3
"123","{Product J,Product K} => {Product H}",0.2,1,2.14285714285714,3
"124","{Product H,Product K} => {Product J}",0.2,1,2.5,3
"125","{Product J,Product K} => {Product F}",0.2,1,2.14285714285714,3
"126","{Product F,Product K} => {Product J}",0.2,1,2.5,3
"127","{Product J,Product K} => {Product I}",0.2,1,1.36363636363636,3
"128","{Product I,Product K} => {Product J}",0.2,1,2.5,3
"129","{Product H,Product K} => {Product F}",0.2,1,2.14285714285714,3
"130","{Product F,Product K} => {Product H}",0.2,1,2.14285714285714,3
"131","{Product H,Product K} => {Product I}",0.2,1,1.36363636363636,3
"132","{Product I,Product K} => {Product H}",0.2,1,2.14285714285714,3
"133","{Product F,Product K} => {Product I}",0.2,1,1.36363636363636,3
"134","{Product I,Product K} => {Product F}",0.2,1,2.14285714285714,3
"135","{Product M,Product O} => {Product L}",0.0666666666666667,1,3,1
"136","{Product L,Product O} => {Product M}",0.0666666666666667,1,3.75,1
"137","{Product M,Product O} => {Product B}",0.0666666666666667,1,2.5,1
"138","{Product M,Product O} => {Product C}",0.0666666666666667,1,2.14285714285714,1
"139","{Product B,Product L} => {Product M}",0.0666666666666667,1,3.75,1
"140","{Product C,Product L} => {Product M}",0.133333333333333,1,3.75,2
"141","{Product J,Product M} => {Product L}",0.133333333333333,1,3,2
"142","{Product H,Product M} => {Product L}",0.0666666666666667,1,3,1
"143","{Product F,Product M} => {Product L}",0.0666666666666667,1,3,1
"144","{Product B,Product M} => {Product C}",0.133333333333333,1,2.14285714285714,2
"145","{Product A,Product M} => {Product I}",0.133333333333333,1,1.36363636363636,2
"146","{Product C,Product J} => {Product M}",0.0666666666666667,1,3.75,1
"147","{Product H,Product M} => {Product C}",0.0666666666666667,1,2.14285714285714,1
"148","{Product C,Product H} => {Product M}",0.0666666666666667,1,3.75,1
"149","{Product F,Product M} => {Product C}",0.0666666666666667,1,2.14285714285714,1
"150","{Product C,Product F} => {Product M}",0.0666666666666667,1,3.75,1
"151","{Product H,Product M} => {Product J}",0.0666666666666667,1,2.5,1
"152","{Product F,Product M} => {Product J}",0.0666666666666667,1,2.5,1
"153","{Product J,Product M} => {Product I}",0.133333333333333,1,1.36363636363636,2
"154","{Product H,Product M} => {Product F}",0.0666666666666667,1,2.14285714285714,1
"155","{Product F,Product M} => {Product H}",0.0666666666666667,1,2.14285714285714,1
"156","{Product H,Product M} => {Product I}",0.0666666666666667,1,1.36363636363636,1
"157","{Product F,Product M} => {Product I}",0.0666666666666667,1,1.36363636363636,1
"158","{Product L,Product O} => {Product B}",0.0666666666666667,1,2.5,1
"159","{Product B,Product L} => {Product O}",0.0666666666666667,1,3.75,1
"160","{Product L,Product O} => {Product C}",0.0666666666666667,1,2.14285714285714,1
"161","{Product A,Product O} => {Product B}",0.133333333333333,1,2.5,2
"162","{Product B,Product O} => {Product C}",0.2,1,2.14285714285714,3
"163","{Product C,Product O} => {Product B}",0.2,1,2.5,3
"164","{Product G,Product O} => {Product E}",0.0666666666666667,1,2.5,1
"165","{Product E,Product O} => {Product G}",0.0666666666666667,1,3,1
"166","{Product G,Product O} => {Product J}",0.0666666666666667,1,2.5,1
"167","{Product J,Product O} => {Product G}",0.0666666666666667,1,3,1
"168","{Product G,Product O} => {Product H}",0.0666666666666667,1,2.14285714285714,1
"169","{Product H,Product O} => {Product G}",0.0666666666666667,1,3,1
"170","{Product G,Product O} => {Product F}",0.0666666666666667,1,2.14285714285714,1
"171","{Product F,Product O} => {Product G}",0.0666666666666667,1,3,1
"172","{Product G,Product O} => {Product I}",0.0666666666666667,1,1.36363636363636,1
"173","{Product A,Product O} => {Product C}",0.133333333333333,1,2.14285714285714,2
"174","{Product A,Product O} => {Product I}",0.133333333333333,1,1.36363636363636,2
"175","{Product E,Product O} => {Product J}",0.0666666666666667,1,2.5,1
"176","{Product J,Product O} => {Product E}",0.0666666666666667,1,2.5,1
"177","{Product E,Product O} => {Product H}",0.0666666666666667,1,2.14285714285714,1
"178","{Product H,Product O} => {Product E}",0.0666666666666667,1,2.5,1
"179","{Product E,Product O} => {Product F}",0.0666666666666667,1,2.14285714285714,1
"180","{Product F,Product O} => {Product E}",0.0666666666666667,1,2.5,1
"181","{Product E,Product O} => {Product I}",0.0666666666666667,1,1.36363636363636,1
"182","{Product J,Product O} => {Product H}",0.0666666666666667,1,2.14285714285714,1
"183","{Product H,Product O} => {Product J}",0.0666666666666667,1,2.5,1
"184","{Product J,Product O} => {Product F}",0.0666666666666667,1,2.14285714285714,1
"185","{Product F,Product O} => {Product J}",0.0666666666666667,1,2.5,1
"186","{Product J,Product O} => {Product I}",0.0666666666666667,1,1.36363636363636,1
"187","{Product H,Product O} => {Product F}",0.0666666666666667,1,2.14285714285714,1
"188","{Product F,Product O} => {Product H}",0.0666666666666667,1,2.14285714285714,1
"189","{Product H,Product O} => {Product I}",0.0666666666666667,1,1.36363636363636,1
"190","{Product F,Product O} => {Product I}",0.0666666666666667,1,1.36363636363636,1
"191","{Product B,Product L} => {Product C}",0.0666666666666667,1,2.14285714285714,1
"192","{Product G,Product L} => {Product A}",0.0666666666666667,1,2.14285714285714,1
"193","{Product A,Product G} => {Product L}",0.0666666666666667,1,3,1
"194","{Product G,Product L} => {Product J}",0.0666666666666667,1,2.5,1
"195","{Product G,Product L} => {Product F}",0.0666666666666667,1,2.14285714285714,1
"196","{Product G,Product L} => {Product I}",0.0666666666666667,1,1.36363636363636,1
"197","{Product A,Product L} => {Product J}",0.133333333333333,1,2.5,2
"198","{Product A,Product J} => {Product L}",0.133333333333333,1,3,2
"199","{Product A,Product F} => {Product L}",0.0666666666666667,1,3,1
"200","{Product A,Product L} => {Product I}",0.133333333333333,1,1.36363636363636,2
"201","{Product C,Product J} => {Product L}",0.0666666666666667,1,3,1
"202","{Product C,Product H} => {Product L}",0.0666666666666667,1,3,1
"203","{Product C,Product F} => {Product L}",0.0666666666666667,1,3,1
"204","{Product E,Product L} => {Product H}",0.0666666666666667,1,2.14285714285714,1
"205","{Product F,Product L} => {Product J}",0.133333333333333,1,2.5,2
"206","{Product J,Product L} => {Product I}",0.2,1,1.36363636363636,3
"207","{Product I,Product L} => {Product J}",0.2,1,2.5,3
"208","{Product F,Product L} => {Product I}",0.133333333333333,1,1.36363636363636,2
"209","{Product A,Product B} => {Product C}",0.333333333333333,1,2.14285714285714,5
"210","{Product B,Product C} => {Product A}",0.333333333333333,0.833333333333333,1.78571428571429,5
"211","{Product A,Product C} => {Product B}",0.333333333333333,1,2.5,5
"212","{Product A,Product B} => {Product I}",0.333333333333333,1,1.36363636363636,5
"213","{Product B,Product I} => {Product A}",0.333333333333333,1,2.14285714285714,5
"214","{Product B,Product C} => {Product I}",0.333333333333333,0.833333333333333,1.13636363636364,5
"215","{Product B,Product I} => {Product C}",0.333333333333333,1,2.14285714285714,5
"216","{Product C,Product I} => {Product B}",0.333333333333333,0.833333333333333,2.08333333333333,5
"217","{Product A,Product G} => {Product J}",0.0666666666666667,1,2.5,1
"218","{Product A,Product G} => {Product F}",0.0666666666666667,1,2.14285714285714,1
"219","{Product A,Product F} => {Product G}",0.0666666666666667,1,3,1
"220","{Product A,Product G} => {Product I}",0.0666666666666667,1,1.36363636363636,1
"221","{Product E,Product G} => {Product H}",0.266666666666667,1,2.14285714285714,4
"222","{Product G,Product H} => {Product E}",0.266666666666667,1,2.5,4
"223","{Product E,Product G} => {Product F}",0.266666666666667,1,2.14285714285714,4
"224","{Product F,Product G} => {Product E}",0.266666666666667,0.8,2,4
"225","{Product E,Product F} => {Product G}",0.266666666666667,0.8,2.4,4
"226","{Product G,Product J} => {Product F}",0.2,1,2.14285714285714,3
"227","{Product G,Product J} => {Product I}",0.2,1,1.36363636363636,3
"228","{Product G,Product I} => {Product J}",0.2,1,2.5,3
"229","{Product G,Product H} => {Product F}",0.266666666666667,1,2.14285714285714,4
"230","{Product F,Product G} => {Product H}",0.266666666666667,0.8,1.71428571428571,4
"231","{Product G,Product I} => {Product F}",0.2,1,2.14285714285714,3
"232","{Product A,Product C} => {Product I}",0.333333333333333,1,1.36363636363636,5
"233","{Product C,Product I} => {Product A}",0.333333333333333,0.833333333333333,1.78571428571429,5
"234","{Product A,Product F} => {Product J}",0.0666666666666667,1,2.5,1
"235","{Product A,Product J} => {Product I}",0.133333333333333,1,1.36363636363636,2
"236","{Product A,Product F} => {Product I}",0.0666666666666667,1,1.36363636363636,1
"237","{Product C,Product J} => {Product H}",0.0666666666666667,1,2.14285714285714,1
"238","{Product C,Product H} => {Product J}",0.0666666666666667,1,2.5,1
"239","{Product C,Product J} => {Product F}",0.0666666666666667,1,2.14285714285714,1
"240","{Product C,Product F} => {Product J}",0.0666666666666667,1,2.5,1
"241","{Product C,Product J} => {Product I}",0.0666666666666667,1,1.36363636363636,1
"242","{Product C,Product H} => {Product F}",0.0666666666666667,1,2.14285714285714,1
"243","{Product C,Product F} => {Product H}",0.0666666666666667,1,2.14285714285714,1
"244","{Product C,Product H} => {Product I}",0.0666666666666667,1,1.36363636363636,1
"245","{Product C,Product F} => {Product I}",0.0666666666666667,1,1.36363636363636,1
"246","{Product E,Product J} => {Product H}",0.2,1,2.14285714285714,3
"247","{Product E,Product J} => {Product F}",0.2,1,2.14285714285714,3
"248","{Product E,Product J} => {Product I}",0.2,1,1.36363636363636,3
"249","{Product E,Product I} => {Product J}",0.2,1,2.5,3
"250","{Product E,Product H} => {Product F}",0.333333333333333,0.833333333333333,1.78571428571429,5
"251","{Product E,Product F} => {Product H}",0.333333333333333,1,2.14285714285714,5
"252","{Product F,Product H} => {Product E}",0.333333333333333,0.833333333333333,2.08333333333333,5
"253","{Product E,Product I} => {Product H}",0.2,1,2.14285714285714,3
"254","{Product E,Product I} => {Product F}",0.2,1,2.14285714285714,3
"255","{Product H,Product J} => {Product F}",0.266666666666667,1,2.14285714285714,4
"256","{Product F,Product J} => {Product H}",0.266666666666667,0.8,1.71428571428571,4
"257","{Product H,Product J} => {Product I}",0.266666666666667,1,1.36363636363636,4
"258","{Product H,Product I} => {Product J}",0.266666666666667,1,2.5,4
"259","{Product F,Product J} => {Product I}",0.333333333333333,1,1.36363636363636,5
"260","{Product I,Product J} => {Product F}",0.333333333333333,0.833333333333333,1.78571428571429,5
"261","{Product F,Product I} => {Product J}",0.333333333333333,1,2.5,5
"262","{Product H,Product I} => {Product F}",0.266666666666667,1,2.14285714285714,4
"263","{Product F,Product I} => {Product H}",0.266666666666667,0.8,1.71428571428571,4
"264","{Product D,Product G,Product N} => {Product E}",0.0666666666666667,1,2.5,1
"265","{Product D,Product E,Product N} => {Product G}",0.0666666666666667,1,3,1
"266","{Product E,Product G,Product N} => {Product D}",0.0666666666666667,1,5,1
"267","{Product D,Product G,Product N} => {Product H}",0.0666666666666667,1,2.14285714285714,1
"268","{Product D,Product H,Product N} => {Product G}",0.0666666666666667,1,3,1
"269","{Product G,Product H,Product N} => {Product D}",0.0666666666666667,1,5,1
"270","{Product D,Product G,Product N} => {Product F}",0.0666666666666667,1,2.14285714285714,1
"271","{Product D,Product F,Product N} => {Product G}",0.0666666666666667,1,3,1
"272","{Product F,Product G,Product N} => {Product D}",0.0666666666666667,1,5,1
"273","{Product D,Product E,Product N} => {Product H}",0.0666666666666667,1,2.14285714285714,1
"274","{Product D,Product H,Product N} => {Product E}",0.0666666666666667,1,2.5,1
"275","{Product E,Product H,Product N} => {Product D}",0.0666666666666667,1,5,1
"276","{Product D,Product E,Product N} => {Product F}",0.0666666666666667,1,2.14285714285714,1
"277","{Product D,Product F,Product N} => {Product E}",0.0666666666666667,1,2.5,1
"278","{Product E,Product F,Product N} => {Product D}",0.0666666666666667,1,5,1
"279","{Product D,Product H,Product N} => {Product F}",0.0666666666666667,1,2.14285714285714,1
"280","{Product D,Product F,Product N} => {Product H}",0.0666666666666667,1,2.14285714285714,1
"281","{Product F,Product H,Product N} => {Product D}",0.0666666666666667,1,5,1
"282","{Product E,Product G,Product N} => {Product H}",0.0666666666666667,1,2.14285714285714,1
"283","{Product G,Product H,Product N} => {Product E}",0.0666666666666667,1,2.5,1
"284","{Product E,Product H,Product N} => {Product G}",0.0666666666666667,1,3,1
"285","{Product E,Product G,Product N} => {Product F}",0.0666666666666667,1,2.14285714285714,1
"286","{Product F,Product G,Product N} => {Product E}",0.0666666666666667,1,2.5,1
"287","{Product E,Product F,Product N} => {Product G}",0.0666666666666667,1,3,1
"288","{Product G,Product H,Product N} => {Product F}",0.0666666666666667,1,2.14285714285714,1
"289","{Product F,Product G,Product N} => {Product H}",0.0666666666666667,1,2.14285714285714,1
"290","{Product F,Product H,Product N} => {Product G}",0.0666666666666667,1,3,1
"291","{Product E,Product H,Product N} => {Product F}",0.0666666666666667,1,2.14285714285714,1
"292","{Product E,Product F,Product N} => {Product H}",0.0666666666666667,1,2.14285714285714,1
"293","{Product F,Product H,Product N} => {Product E}",0.0666666666666667,1,2.5,1
"294","{Product D,Product K,Product O} => {Product G}",0.0666666666666667,1,3,1
"295","{Product D,Product G,Product K} => {Product O}",0.0666666666666667,1,3.75,1
"296","{Product D,Product G,Product O} => {Product K}",0.0666666666666667,1,5,1
"297","{Product G,Product K,Product O} => {Product D}",0.0666666666666667,1,5,1
"298","{Product D,Product K,Product O} => {Product E}",0.0666666666666667,1,2.5,1
"299","{Product D,Product E,Product K} => {Product O}",0.0666666666666667,1,3.75,1
"300","{Product D,Product E,Product O} => {Product K}",0.0666666666666667,1,5,1
"301","{Product E,Product K,Product O} => {Product D}",0.0666666666666667,1,5,1
"302","{Product D,Product K,Product O} => {Product J}",0.0666666666666667,1,2.5,1
"303","{Product D,Product J,Product K} => {Product O}",0.0666666666666667,1,3.75,1
"304","{Product D,Product J,Product O} => {Product K}",0.0666666666666667,1,5,1
"305","{Product J,Product K,Product O} => {Product D}",0.0666666666666667,1,5,1
"306","{Product D,Product K,Product O} => {Product H}",0.0666666666666667,1,2.14285714285714,1
"307","{Product D,Product H,Product K} => {Product O}",0.0666666666666667,1,3.75,1
"308","{Product D,Product H,Product O} => {Product K}",0.0666666666666667,1,5,1
"309","{Product H,Product K,Product O} => {Product D}",0.0666666666666667,1,5,1
"310","{Product D,Product K,Product O} => {Product F}",0.0666666666666667,1,2.14285714285714,1
"311","{Product D,Product F,Product K} => {Product O}",0.0666666666666667,1,3.75,1
"312","{Product D,Product F,Product O} => {Product K}",0.0666666666666667,1,5,1
"313","{Product F,Product K,Product O} => {Product D}",0.0666666666666667,1,5,1
"314","{Product D,Product K,Product O} => {Product I}",0.0666666666666667,1,1.36363636363636,1
"315","{Product D,Product I,Product K} => {Product O}",0.0666666666666667,1,3.75,1
"316","{Product D,Product I,Product O} => {Product K}",0.0666666666666667,1,5,1
"317","{Product I,Product K,Product O} => {Product D}",0.0666666666666667,1,5,1
"318","{Product D,Product G,Product K} => {Product E}",0.0666666666666667,1,2.5,1
"319","{Product D,Product E,Product K} => {Product G}",0.0666666666666667,1,3,1
"320","{Product D,Product G,Product K} => {Product J}",0.0666666666666667,1,2.5,1
"321","{Product D,Product J,Product K} => {Product G}",0.0666666666666667,1,3,1
"322","{Product D,Product G,Product J} => {Product K}",0.0666666666666667,1,5,1
"323","{Product D,Product G,Product K} => {Product H}",0.0666666666666667,1,2.14285714285714,1
"324","{Product D,Product H,Product K} => {Product G}",0.0666666666666667,1,3,1
"325","{Product D,Product G,Product K} => {Product F}",0.0666666666666667,1,2.14285714285714,1
"326","{Product D,Product F,Product K} => {Product G}",0.0666666666666667,1,3,1
"327","{Product D,Product G,Product K} => {Product I}",0.0666666666666667,1,1.36363636363636,1
"328","{Product D,Product I,Product K} => {Product G}",0.0666666666666667,1,3,1
"329","{Product D,Product G,Product I} => {Product K}",0.0666666666666667,1,5,1
"330","{Product D,Product E,Product K} => {Product J}",0.0666666666666667,1,2.5,1
"331","{Product D,Product J,Product K} => {Product E}",0.0666666666666667,1,2.5,1
"332","{Product D,Product E,Product J} => {Product K}",0.0666666666666667,1,5,1
"333","{Product D,Product E,Product K} => {Product H}",0.0666666666666667,1,2.14285714285714,1
"334","{Product D,Product H,Product K} => {Product E}",0.0666666666666667,1,2.5,1
"335","{Product D,Product E,Product K} => {Product F}",0.0666666666666667,1,2.14285714285714,1
"336","{Product D,Product F,Product K} => {Product E}",0.0666666666666667,1,2.5,1
"337","{Product D,Product E,Product K} => {Product I}",0.0666666666666667,1,1.36363636363636,1
"338","{Product D,Product I,Product K} => {Product E}",0.0666666666666667,1,2.5,1
"339","{Product D,Product E,Product I} => {Product K}",0.0666666666666667,1,5,1
"340","{Product D,Product J,Product K} => {Product H}",0.0666666666666667,1,2.14285714285714,1
"341","{Product D,Product H,Product K} => {Product J}",0.0666666666666667,1,2.5,1
"342","{Product D,Product H,Product J} => {Product K}",0.0666666666666667,1,5,1
"343","{Product D,Product J,Product K} => {Product F}",0.0666666666666667,1,2.14285714285714,1
"344","{Product D,Product F,Product K} => {Product J}",0.0666666666666667,1,2.5,1
"345","{Product D,Product F,Product J} => {Product K}",0.0666666666666667,1,5,1
"346","{Product D,Product J,Product K} => {Product I}",0.0666666666666667,1,1.36363636363636,1
"347","{Product D,Product I,Product K} => {Product J}",0.0666666666666667,1,2.5,1
"348","{Product D,Product I,Product J} => {Product K}",0.0666666666666667,1,5,1
"349","{Product D,Product H,Product K} => {Product F}",0.0666666666666667,1,2.14285714285714,1
"350","{Product D,Product F,Product K} => {Product H}",0.0666666666666667,1,2.14285714285714,1
"351","{Product D,Product H,Product K} => {Product I}",0.0666666666666667,1,1.36363636363636,1
"352","{Product D,Product I,Product K} => {Product H}",0.0666666666666667,1,2.14285714285714,1
"353","{Product D,Product H,Product I} => {Product K}",0.0666666666666667,1,5,1
"354","{Product D,Product F,Product K} => {Product I}",0.0666666666666667,1,1.36363636363636,1
"355","{Product D,Product I,Product K} => {Product F}",0.0666666666666667,1,2.14285714285714,1
"356","{Product D,Product F,Product I} => {Product K}",0.0666666666666667,1,5,1
"357","{Product D,Product G,Product O} => {Product E}",0.0666666666666667,1,2.5,1
"358","{Product D,Product E,Product O} => {Product G}",0.0666666666666667,1,3,1
"359","{Product E,Product G,Product O} => {Product D}",0.0666666666666667,1,5,1
"360","{Product D,Product G,Product O} => {Product J}",0.0666666666666667,1,2.5,1
"361","{Product D,Product J,Product O} => {Product G}",0.0666666666666667,1,3,1
"362","{Product D,Product G,Product J} => {Product O}",0.0666666666666667,1,3.75,1
"363","{Product G,Product J,Product O} => {Product D}",0.0666666666666667,1,5,1
"364","{Product D,Product G,Product O} => {Product H}",0.0666666666666667,1,2.14285714285714,1
"365","{Product D,Product H,Product O} => {Product G}",0.0666666666666667,1,3,1
"366","{Product G,Product H,Product O} => {Product D}",0.0666666666666667,1,5,1
"367","{Product D,Product G,Product O} => {Product F}",0.0666666666666667,1,2.14285714285714,1
"368","{Product D,Product F,Product O} => {Product G}",0.0666666666666667,1,3,1
"369","{Product F,Product G,Product O} => {Product D}",0.0666666666666667,1,5,1
"370","{Product D,Product G,Product O} => {Product I}",0.0666666666666667,1,1.36363636363636,1
"371","{Product D,Product I,Product O} => {Product G}",0.0666666666666667,1,3,1
"372","{Product D,Product G,Product I} => {Product O}",0.0666666666666667,1,3.75,1
"373","{Product G,Product I,Product O} => {Product D}",0.0666666666666667,1,5,1
"374","{Product D,Product E,Product O} => {Product J}",0.0666666666666667,1,2.5,1
"375","{Product D,Product J,Product O} => {Product E}",0.0666666666666667,1,2.5,1
"376","{Product D,Product E,Product J} => {Product O}",0.0666666666666667,1,3.75,1
"377","{Product E,Product J,Product O} => {Product D}",0.0666666666666667,1,5,1
"378","{Product D,Product E,Product O} => {Product H}",0.0666666666666667,1,2.14285714285714,1
"379","{Product D,Product H,Product O} => {Product E}",0.0666666666666667,1,2.5,1
"380","{Product E,Product H,Product O} => {Product D}",0.0666666666666667,1,5,1
"381","{Product D,Product E,Product O} => {Product F}",0.0666666666666667,1,2.14285714285714,1
"382","{Product D,Product F,Product O} => {Product E}",0.0666666666666667,1,2.5,1
"383","{Product E,Product F,Product O} => {Product D}",0.0666666666666667,1,5,1
"384","{Product D,Product E,Product O} => {Product I}",0.0666666666666667,1,1.36363636363636,1
"385","{Product D,Product I,Product O} => {Product E}",0.0666666666666667,1,2.5,1
"386","{Product D,Product E,Product I} => {Product O}",0.0666666666666667,1,3.75,1
"387","{Product E,Product I,Product O} => {Product D}",0.0666666666666667,1,5,1
"388","{Product D,Product J,Product O} => {Product H}",0.0666666666666667,1,2.14285714285714,1
"389","{Product D,Product H,Product O} => {Product J}",0.0666666666666667,1,2.5,1
"390","{Product D,Product H,Product J} => {Product O}",0.0666666666666667,1,3.75,1
"391","{Product H,Product J,Product O} => {Product D}",0.0666666666666667,1,5,1
"392","{Product D,Product J,Product O} => {Product F}",0.0666666666666667,1,2.14285714285714,1
"393","{Product D,Product F,Product O} => {Product J}",0.0666666666666667,1,2.5,1
"394","{Product D,Product F,Product J} => {Product O}",0.0666666666666667,1,3.75,1
"395","{Product F,Product J,Product O} => {Product D}",0.0666666666666667,1,5,1
"396","{Product D,Product J,Product O} => {Product I}",0.0666666666666667,1,1.36363636363636,1
"397","{Product D,Product I,Product O} => {Product J}",0.0666666666666667,1,2.5,1
"398","{Product D,Product I,Product J} => {Product O}",0.0666666666666667,1,3.75,1
"399","{Product I,Product J,Product O} => {Product D}",0.0666666666666667,1,5,1
"400","{Product D,Product H,Product O} => {Product F}",0.0666666666666667,1,2.14285714285714,1
"401","{Product D,Product F,Product O} => {Product H}",0.0666666666666667,1,2.14285714285714,1
"402","{Product F,Product H,Product O} => {Product D}",0.0666666666666667,1,5,1
"403","{Product D,Product H,Product O} => {Product I}",0.0666666666666667,1,1.36363636363636,1
"404","{Product D,Product I,Product O} => {Product H}",0.0666666666666667,1,2.14285714285714,1
"405","{Product D,Product H,Product I} => {Product O}",0.0666666666666667,1,3.75,1
"406","{Product H,Product I,Product O} => {Product D}",0.0666666666666667,1,5,1
"407","{Product D,Product F,Product O} => {Product I}",0.0666666666666667,1,1.36363636363636,1
"408","{Product D,Product I,Product O} => {Product F}",0.0666666666666667,1,2.14285714285714,1
"409","{Product D,Product F,Product I} => {Product O}",0.0666666666666667,1,3.75,1
"410","{Product F,Product I,Product O} => {Product D}",0.0666666666666667,1,5,1
"411","{Product D,Product G,Product J} => {Product E}",0.0666666666666667,1,2.5,1
"412","{Product D,Product E,Product J} => {Product G}",0.0666666666666667,1,3,1
"413","{Product D,Product E,Product G} => {Product H}",0.2,1,2.14285714285714,3
"414","{Product D,Product G,Product H} => {Product E}",0.2,1,2.5,3
"415","{Product D,Product E,Product H} => {Product G}",0.2,1,3,3
"416","{Product D,Product E,Product G} => {Product F}",0.2,1,2.14285714285714,3
"417","{Product D,Product F,Product G} => {Product E}",0.2,1,2.5,3
"418","{Product D,Product E,Product F} => {Product G}",0.2,1,3,3
"419","{Product D,Product G,Product I} => {Product E}",0.0666666666666667,1,2.5,1
"420","{Product D,Product E,Product I} => {Product G}",0.0666666666666667,1,3,1
"421","{Product D,Product G,Product J} => {Product H}",0.0666666666666667,1,2.14285714285714,1
"422","{Product D,Product H,Product J} => {Product G}",0.0666666666666667,1,3,1
"423","{Product D,Product G,Product J} => {Product F}",0.0666666666666667,1,2.14285714285714,1
"424","{Product D,Product F,Product J} => {Product G}",0.0666666666666667,1,3,1
"425","{Product D,Product G,Product J} => {Product I}",0.0666666666666667,1,1.36363636363636,1
"426","{Product D,Product G,Product I} => {Product J}",0.0666666666666667,1,2.5,1
"427","{Product D,Product I,Product J} => {Product G}",0.0666666666666667,1,3,1
"428","{Product D,Product G,Product H} => {Product F}",0.2,1,2.14285714285714,3
"429","{Product D,Product F,Product G} => {Product H}",0.2,1,2.14285714285714,3
"430","{Product D,Product F,Product H} => {Product G}",0.2,1,3,3
"431","{Product D,Product G,Product I} => {Product H}",0.0666666666666667,1,2.14285714285714,1
"432","{Product D,Product H,Product I} => {Product G}",0.0666666666666667,1,3,1
"433","{Product D,Product G,Product I} => {Product F}",0.0666666666666667,1,2.14285714285714,1
"434","{Product D,Product F,Product I} => {Product G}",0.0666666666666667,1,3,1
"435","{Product D,Product E,Product J} => {Product H}",0.0666666666666667,1,2.14285714285714,1
"436","{Product D,Product H,Product J} => {Product E}",0.0666666666666667,1,2.5,1
"437","{Product D,Product E,Product J} => {Product F}",0.0666666666666667,1,2.14285714285714,1
"438","{Product D,Product F,Product J} => {Product E}",0.0666666666666667,1,2.5,1
"439","{Product D,Product E,Product J} => {Product I}",0.0666666666666667,1,1.36363636363636,1
"440","{Product D,Product E,Product I} => {Product J}",0.0666666666666667,1,2.5,1
"441","{Product D,Product I,Product J} => {Product E}",0.0666666666666667,1,2.5,1
"442","{Product D,Product E,Product H} => {Product F}",0.2,1,2.14285714285714,3
"443","{Product D,Product E,Product F} => {Product H}",0.2,1,2.14285714285714,3
"444","{Product D,Product F,Product H} => {Product E}",0.2,1,2.5,3
"445","{Product D,Product E,Product I} => {Product H}",0.0666666666666667,1,2.14285714285714,1
"446","{Product D,Product H,Product I} => {Product E}",0.0666666666666667,1,2.5,1
"447","{Product D,Product E,Product I} => {Product F}",0.0666666666666667,1,2.14285714285714,1
"448","{Product D,Product F,Product I} => {Product E}",0.0666666666666667,1,2.5,1
"449","{Product D,Product H,Product J} => {Product F}",0.0666666666666667,1,2.14285714285714,1
"450","{Product D,Product F,Product J} => {Product H}",0.0666666666666667,1,2.14285714285714,1
"451","{Product D,Product H,Product J} => {Product I}",0.0666666666666667,1,1.36363636363636,1
"452","{Product D,Product I,Product J} => {Product H}",0.0666666666666667,1,2.14285714285714,1
"453","{Product D,Product H,Product I} => {Product J}",0.0666666666666667,1,2.5,1
"454","{Product D,Product F,Product J} => {Product I}",0.0666666666666667,1,1.36363636363636,1
"455","{Product D,Product I,Product J} => {Product F}",0.0666666666666667,1,2.14285714285714,1
"456","{Product D,Product F,Product I} => {Product J}",0.0666666666666667,1,2.5,1
"457","{Product D,Product H,Product I} => {Product F}",0.0666666666666667,1,2.14285714285714,1
"458","{Product D,Product F,Product I} => {Product H}",0.0666666666666667,1,2.14285714285714,1
"459","{Product G,Product K,Product O} => {Product E}",0.0666666666666667,1,2.5,1
"460","{Product E,Product K,Product O} => {Product G}",0.0666666666666667,1,3,1
"461","{Product E,Product G,Product O} => {Product K}",0.0666666666666667,1,5,1
"462","{Product G,Product K,Product O} => {Product J}",0.0666666666666667,1,2.5,1
"463","{Product J,Product K,Product O} => {Product G}",0.0666666666666667,1,3,1
"464","{Product G,Product J,Product O} => {Product K}",0.0666666666666667,1,5,1
"465","{Product G,Product K,Product O} => {Product H}",0.0666666666666667,1,2.14285714285714,1
"466","{Product H,Product K,Product O} => {Product G}",0.0666666666666667,1,3,1
"467","{Product G,Product H,Product O} => {Product K}",0.0666666666666667,1,5,1
"468","{Product G,Product K,Product O} => {Product F}",0.0666666666666667,1,2.14285714285714,1
"469","{Product F,Product K,Product O} => {Product G}",0.0666666666666667,1,3,1
"470","{Product F,Product G,Product O} => {Product K}",0.0666666666666667,1,5,1
"471","{Product G,Product K,Product O} => {Product I}",0.0666666666666667,1,1.36363636363636,1
"472","{Product I,Product K,Product O} => {Product G}",0.0666666666666667,1,3,1
"473","{Product G,Product I,Product O} => {Product K}",0.0666666666666667,1,5,1
"474","{Product E,Product K,Product O} => {Product J}",0.0666666666666667,1,2.5,1
"475","{Product J,Product K,Product O} => {Product E}",0.0666666666666667,1,2.5,1
"476","{Product E,Product J,Product O} => {Product K}",0.0666666666666667,1,5,1
"477","{Product E,Product K,Product O} => {Product H}",0.0666666666666667,1,2.14285714285714,1
"478","{Product H,Product K,Product O} => {Product E}",0.0666666666666667,1,2.5,1
"479","{Product E,Product H,Product O} => {Product K}",0.0666666666666667,1,5,1
"480","{Product E,Product K,Product O} => {Product F}",0.0666666666666667,1,2.14285714285714,1
"481","{Product F,Product K,Product O} => {Product E}",0.0666666666666667,1,2.5,1
"482","{Product E,Product F,Product O} => {Product K}",0.0666666666666667,1,5,1
"483","{Product E,Product K,Product O} => {Product I}",0.0666666666666667,1,1.36363636363636,1
"484","{Product I,Product K,Product O} => {Product E}",0.0666666666666667,1,2.5,1
"485","{Product E,Product I,Product O} => {Product K}",0.0666666666666667,1,5,1
"486","{Product J,Product K,Product O} => {Product H}",0.0666666666666667,1,2.14285714285714,1
"487","{Product H,Product K,Product O} => {Product J}",0.0666666666666667,1,2.5,1
"488","{Product H,Product J,Product O} => {Product K}",0.0666666666666667,1,5,1
"489","{Product J,Product K,Product O} => {Product F}",0.0666666666666667,1,2.14285714285714,1
"490","{Product F,Product K,Product O} => {Product J}",0.0666666666666667,1,2.5,1
"491","{Product F,Product J,Product O} => {Product K}",0.0666666666666667,1,5,1
"492","{Product J,Product K,Product O} => {Product I}",0.0666666666666667,1,1.36363636363636,1
"493","{Product I,Product K,Product O} => {Product J}",0.0666666666666667,1,2.5,1
"494","{Product I,Product J,Product O} => {Product K}",0.0666666666666667,1,5,1
"495","{Product H,Product K,Product O} => {Product F}",0.0666666666666667,1,2.14285714285714,1
"496","{Product F,Product K,Product O} => {Product H}",0.0666666666666667,1,2.14285714285714,1
"497","{Product F,Product H,Product O} => {Product K}",0.0666666666666667,1,5,1
"498","{Product H,Product K,Product O} => {Product I}",0.0666666666666667,1,1.36363636363636,1
"499","{Product I,Product K,Product O} => {Product H}",0.0666666666666667,1,2.14285714285714,1
"500","{Product H,Product I,Product O} => {Product K}",0.0666666666666667,1,5,1
"501","{Product F,Product K,Product O} => {Product I}",0.0666666666666667,1,1.36363636363636,1
"502","{Product I,Product K,Product O} => {Product F}",0.0666666666666667,1,2.14285714285714,1
"503","{Product F,Product I,Product O} => {Product K}",0.0666666666666667,1,5,1
"504","{Product E,Product G,Product K} => {Product J}",0.133333333333333,1,2.5,2
"505","{Product G,Product J,Product K} => {Product E}",0.133333333333333,1,2.5,2
"506","{Product E,Product G,Product J} => {Product K}",0.133333333333333,1,5,2
"507","{Product E,Product G,Product K} => {Product H}",0.133333333333333,1,2.14285714285714,2
"508","{Product G,Product H,Product K} => {Product E}",0.133333333333333,1,2.5,2
"509","{Product E,Product G,Product K} => {Product F}",0.133333333333333,1,2.14285714285714,2
"510","{Product F,Product G,Product K} => {Product E}",0.133333333333333,1,2.5,2
"511","{Product E,Product G,Product K} => {Product I}",0.133333333333333,1,1.36363636363636,2
"512","{Product G,Product I,Product K} => {Product E}",0.133333333333333,1,2.5,2
"513","{Product E,Product G,Product I} => {Product K}",0.133333333333333,1,5,2
"514","{Product G,Product J,Product K} => {Product H}",0.133333333333333,1,2.14285714285714,2
"515","{Product G,Product H,Product K} => {Product J}",0.133333333333333,1,2.5,2
"516","{Product G,Product H,Product J} => {Product K}",0.133333333333333,1,5,2
"517","{Product G,Product J,Product K} => {Product F}",0.133333333333333,1,2.14285714285714,2
"518","{Product F,Product G,Product K} => {Product J}",0.133333333333333,1,2.5,2
"519","{Product G,Product J,Product K} => {Product I}",0.133333333333333,1,1.36363636363636,2
"520","{Product G,Product I,Product K} => {Product J}",0.133333333333333,1,2.5,2
"521","{Product G,Product H,Product K} => {Product F}",0.133333333333333,1,2.14285714285714,2
"522","{Product F,Product G,Product K} => {Product H}",0.133333333333333,1,2.14285714285714,2
"523","{Product G,Product H,Product K} => {Product I}",0.133333333333333,1,1.36363636363636,2
"524","{Product G,Product I,Product K} => {Product H}",0.133333333333333,1,2.14285714285714,2
"525","{Product G,Product H,Product I} => {Product K}",0.133333333333333,1,5,2
"526","{Product F,Product G,Product K} => {Product I}",0.133333333333333,1,1.36363636363636,2
"527","{Product G,Product I,Product K} => {Product F}",0.133333333333333,1,2.14285714285714,2
"528","{Product E,Product J,Product K} => {Product H}",0.2,1,2.14285714285714,3
"529","{Product E,Product H,Product K} => {Product J}",0.2,1,2.5,3
"530","{Product H,Product J,Product K} => {Product E}",0.2,1,2.5,3
"531","{Product E,Product H,Product J} => {Product K}",0.2,1,5,3
"532","{Product E,Product J,Product K} => {Product F}",0.2,1,2.14285714285714,3
"533","{Product E,Product F,Product K} => {Product J}",0.2,1,2.5,3
"534","{Product F,Product J,Product K} => {Product E}",0.2,1,2.5,3
"535","{Product E,Product F,Product J} => {Product K}",0.2,1,5,3
"536","{Product E,Product J,Product K} => {Product I}",0.2,1,1.36363636363636,3
"537","{Product E,Product I,Product K} => {Product J}",0.2,1,2.5,3
"538","{Product I,Product J,Product K} => {Product E}",0.2,1,2.5,3
"539","{Product E,Product I,Product J} => {Product K}",0.2,1,5,3
"540","{Product E,Product H,Product K} => {Product F}",0.2,1,2.14285714285714,3
"541","{Product E,Product F,Product K} => {Product H}",0.2,1,2.14285714285714,3
"542","{Product F,Product H,Product K} => {Product E}",0.2,1,2.5,3
"543","{Product E,Product H,Product K} => {Product I}",0.2,1,1.36363636363636,3
"544","{Product E,Product I,Product K} => {Product H}",0.2,1,2.14285714285714,3
"545","{Product H,Product I,Product K} => {Product E}",0.2,1,2.5,3
"546","{Product E,Product H,Product I} => {Product K}",0.2,1,5,3
"547","{Product E,Product F,Product K} => {Product I}",0.2,1,1.36363636363636,3
"548","{Product E,Product I,Product K} => {Product F}",0.2,1,2.14285714285714,3
"549","{Product F,Product I,Product K} => {Product E}",0.2,1,2.5,3
"550","{Product E,Product F,Product I} => {Product K}",0.2,1,5,3
"551","{Product H,Product J,Product K} => {Product F}",0.2,1,2.14285714285714,3
"552","{Product F,Product J,Product K} => {Product H}",0.2,1,2.14285714285714,3
"553","{Product F,Product H,Product K} => {Product J}",0.2,1,2.5,3
"554","{Product H,Product J,Product K} => {Product I}",0.2,1,1.36363636363636,3
"555","{Product I,Product J,Product K} => {Product H}",0.2,1,2.14285714285714,3
"556","{Product H,Product I,Product K} => {Product J}",0.2,1,2.5,3
"557","{Product F,Product J,Product K} => {Product I}",0.2,1,1.36363636363636,3
"558","{Product I,Product J,Product K} => {Product F}",0.2,1,2.14285714285714,3
"559","{Product F,Product I,Product K} => {Product J}",0.2,1,2.5,3
"560","{Product F,Product H,Product K} => {Product I}",0.2,1,1.36363636363636,3
"561","{Product H,Product I,Product K} => {Product F}",0.2,1,2.14285714285714,3
"562","{Product F,Product I,Product K} => {Product H}",0.2,1,2.14285714285714,3
"563","{Product L,Product M,Product O} => {Product B}",0.0666666666666667,1,2.5,1
"564","{Product B,Product M,Product O} => {Product L}",0.0666666666666667,1,3,1
"565","{Product B,Product L,Product M} => {Product O}",0.0666666666666667,1,3.75,1
"566","{Product B,Product L,Product O} => {Product M}",0.0666666666666667,1,3.75,1
"567","{Product L,Product M,Product O} => {Product C}",0.0666666666666667,1,2.14285714285714,1
"568","{Product C,Product M,Product O} => {Product L}",0.0666666666666667,1,3,1
"569","{Product C,Product L,Product O} => {Product M}",0.0666666666666667,1,3.75,1
"570","{Product B,Product M,Product O} => {Product C}",0.0666666666666667,1,2.14285714285714,1
"571","{Product C,Product M,Product O} => {Product B}",0.0666666666666667,1,2.5,1
"572","{Product B,Product L,Product M} => {Product C}",0.0666666666666667,1,2.14285714285714,1
"573","{Product B,Product C,Product L} => {Product M}",0.0666666666666667,1,3.75,1
"574","{Product A,Product L,Product M} => {Product J}",0.0666666666666667,1,2.5,1
"575","{Product A,Product J,Product M} => {Product L}",0.0666666666666667,1,3,1
"576","{Product A,Product L,Product M} => {Product I}",0.0666666666666667,1,1.36363636363636,1
"577","{Product C,Product J,Product M} => {Product L}",0.0666666666666667,1,3,1
"578","{Product C,Product J,Product L} => {Product M}",0.0666666666666667,1,3.75,1
"579","{Product H,Product L,Product M} => {Product C}",0.0666666666666667,1,2.14285714285714,1
"580","{Product C,Product H,Product M} => {Product L}",0.0666666666666667,1,3,1
"581","{Product C,Product H,Product L} => {Product M}",0.0666666666666667,1,3.75,1
"582","{Product F,Product L,Product M} => {Product C}",0.0666666666666667,1,2.14285714285714,1
"583","{Product C,Product F,Product M} => {Product L}",0.0666666666666667,1,3,1
"584","{Product C,Product F,Product L} => {Product M}",0.0666666666666667,1,3.75,1
"585","{Product C,Product I,Product L} => {Product M}",0.0666666666666667,1,3.75,1
"586","{Product H,Product L,Product M} => {Product J}",0.0666666666666667,1,2.5,1
"587","{Product H,Product J,Product M} => {Product L}",0.0666666666666667,1,3,1
"588","{Product H,Product J,Product L} => {Product M}",0.0666666666666667,1,3.75,1
"589","{Product F,Product L,Product M} => {Product J}",0.0666666666666667,1,2.5,1
"590","{Product F,Product J,Product M} => {Product L}",0.0666666666666667,1,3,1
"591","{Product J,Product L,Product M} => {Product I}",0.133333333333333,1,1.36363636363636,2
"592","{Product I,Product L,Product M} => {Product J}",0.133333333333333,1,2.5,2
"593","{Product I,Product J,Product M} => {Product L}",0.133333333333333,1,3,2
"594","{Product H,Product L,Product M} => {Product F}",0.0666666666666667,1,2.14285714285714,1
"595","{Product F,Product L,Product M} => {Product H}",0.0666666666666667,1,2.14285714285714,1
"596","{Product F,Product H,Product M} => {Product L}",0.0666666666666667,1,3,1
"597","{Product F,Product H,Product L} => {Product M}",0.0666666666666667,1,3.75,1
"598","{Product H,Product L,Product M} => {Product I}",0.0666666666666667,1,1.36363636363636,1
"599","{Product H,Product I,Product M} => {Product L}",0.0666666666666667,1,3,1
"600","{Product H,Product I,Product L} => {Product M}",0.0666666666666667,1,3.75,1
"601","{Product F,Product L,Product M} => {Product I}",0.0666666666666667,1,1.36363636363636,1
"602","{Product F,Product I,Product M} => {Product L}",0.0666666666666667,1,3,1
"603","{Product A,Product B,Product M} => {Product C}",0.0666666666666667,1,2.14285714285714,1
"604","{Product A,Product C,Product M} => {Product B}",0.0666666666666667,1,2.5,1
"605","{Product A,Product B,Product M} => {Product I}",0.0666666666666667,1,1.36363636363636,1
"606","{Product B,Product I,Product M} => {Product A}",0.0666666666666667,1,2.14285714285714,1
"607","{Product B,Product I,Product M} => {Product C}",0.0666666666666667,1,2.14285714285714,1
"608","{Product A,Product C,Product M} => {Product I}",0.0666666666666667,1,1.36363636363636,1
"609","{Product A,Product J,Product M} => {Product I}",0.0666666666666667,1,1.36363636363636,1
"610","{Product C,Product J,Product M} => {Product H}",0.0666666666666667,1,2.14285714285714,1
"611","{Product C,Product H,Product M} => {Product J}",0.0666666666666667,1,2.5,1
"612","{Product H,Product J,Product M} => {Product C}",0.0666666666666667,1,2.14285714285714,1
"613","{Product C,Product H,Product J} => {Product M}",0.0666666666666667,1,3.75,1
"614","{Product C,Product J,Product M} => {Product F}",0.0666666666666667,1,2.14285714285714,1
"615","{Product C,Product F,Product M} => {Product J}",0.0666666666666667,1,2.5,1
"616","{Product F,Product J,Product M} => {Product C}",0.0666666666666667,1,2.14285714285714,1
"617","{Product C,Product F,Product J} => {Product M}",0.0666666666666667,1,3.75,1
"618","{Product C,Product J,Product M} => {Product I}",0.0666666666666667,1,1.36363636363636,1
"619","{Product C,Product I,Product J} => {Product M}",0.0666666666666667,1,3.75,1
"620","{Product C,Product H,Product M} => {Product F}",0.0666666666666667,1,2.14285714285714,1
"621","{Product C,Product F,Product M} => {Product H}",0.0666666666666667,1,2.14285714285714,1
"622","{Product F,Product H,Product M} => {Product C}",0.0666666666666667,1,2.14285714285714,1
"623","{Product C,Product F,Product H} => {Product M}",0.0666666666666667,1,3.75,1
"624","{Product C,Product H,Product M} => {Product I}",0.0666666666666667,1,1.36363636363636,1
"625","{Product H,Product I,Product M} => {Product C}",0.0666666666666667,1,2.14285714285714,1
"626","{Product C,Product H,Product I} => {Product M}",0.0666666666666667,1,3.75,1
"627","{Product C,Product F,Product M} => {Product I}",0.0666666666666667,1,1.36363636363636,1
"628","{Product F,Product I,Product M} => {Product C}",0.0666666666666667,1,2.14285714285714,1
"629","{Product C,Product F,Product I} => {Product M}",0.0666666666666667,1,3.75,1
"630","{Product H,Product J,Product M} => {Product F}",0.0666666666666667,1,2.14285714285714,1
"631","{Product F,Product J,Product M} => {Product H}",0.0666666666666667,1,2.14285714285714,1
"632","{Product F,Product H,Product M} => {Product J}",0.0666666666666667,1,2.5,1
"633","{Product H,Product J,Product M} => {Product I}",0.0666666666666667,1,1.36363636363636,1
"634","{Product H,Product I,Product M} => {Product J}",0.0666666666666667,1,2.5,1
"635","{Product F,Product J,Product M} => {Product I}",0.0666666666666667,1,1.36363636363636,1
"636","{Product F,Product I,Product M} => {Product J}",0.0666666666666667,1,2.5,1
"637","{Product F,Product H,Product M} => {Product I}",0.0666666666666667,1,1.36363636363636,1
"638","{Product H,Product I,Product M} => {Product F}",0.0666666666666667,1,2.14285714285714,1
"639","{Product F,Product I,Product M} => {Product H}",0.0666666666666667,1,2.14285714285714,1
"640","{Product B,Product L,Product O} => {Product C}",0.0666666666666667,1,2.14285714285714,1
"641","{Product C,Product L,Product O} => {Product B}",0.0666666666666667,1,2.5,1
"642","{Product B,Product C,Product L} => {Product O}",0.0666666666666667,1,3.75,1
"643","{Product A,Product B,Product O} => {Product C}",0.133333333333333,1,2.14285714285714,2
"644","{Product A,Product C,Product O} => {Product B}",0.133333333333333,1,2.5,2
"645","{Product A,Product B,Product O} => {Product I}",0.133333333333333,1,1.36363636363636,2
"646","{Product B,Product I,Product O} => {Product A}",0.133333333333333,1,2.14285714285714,2
"647","{Product A,Product I,Product O} => {Product B}",0.133333333333333,1,2.5,2
"648","{Product B,Product I,Product O} => {Product C}",0.133333333333333,1,2.14285714285714,2
"649","{Product C,Product I,Product O} => {Product B}",0.133333333333333,1,2.5,2
"650","{Product E,Product G,Product O} => {Product J}",0.0666666666666667,1,2.5,1
"651","{Product G,Product J,Product O} => {Product E}",0.0666666666666667,1,2.5,1
"652","{Product E,Product J,Product O} => {Product G}",0.0666666666666667,1,3,1
"653","{Product E,Product G,Product O} => {Product H}",0.0666666666666667,1,2.14285714285714,1
"654","{Product G,Product H,Product O} => {Product E}",0.0666666666666667,1,2.5,1
"655","{Product E,Product H,Product O} => {Product G}",0.0666666666666667,1,3,1
"656","{Product E,Product G,Product O} => {Product F}",0.0666666666666667,1,2.14285714285714,1
"657","{Product F,Product G,Product O} => {Product E}",0.0666666666666667,1,2.5,1
"658","{Product E,Product F,Product O} => {Product G}",0.0666666666666667,1,3,1
"659","{Product E,Product G,Product O} => {Product I}",0.0666666666666667,1,1.36363636363636,1
"660","{Product G,Product I,Product O} => {Product E}",0.0666666666666667,1,2.5,1
"661","{Product E,Product I,Product O} => {Product G}",0.0666666666666667,1,3,1
"662","{Product G,Product J,Product O} => {Product H}",0.0666666666666667,1,2.14285714285714,1
"663","{Product G,Product H,Product O} => {Product J}",0.0666666666666667,1,2.5,1
"664","{Product H,Product J,Product O} => {Product G}",0.0666666666666667,1,3,1
"665","{Product G,Product J,Product O} => {Product F}",0.0666666666666667,1,2.14285714285714,1
"666","{Product F,Product G,Product O} => {Product J}",0.0666666666666667,1,2.5,1
"667","{Product F,Product J,Product O} => {Product G}",0.0666666666666667,1,3,1
"668","{Product G,Product J,Product O} => {Product I}",0.0666666666666667,1,1.36363636363636,1
"669","{Product G,Product I,Product O} => {Product J}",0.0666666666666667,1,2.5,1
"670","{Product I,Product J,Product O} => {Product G}",0.0666666666666667,1,3,1
"671","{Product G,Product H,Product O} => {Product F}",0.0666666666666667,1,2.14285714285714,1
"672","{Product F,Product G,Product O} => {Product H}",0.0666666666666667,1,2.14285714285714,1
"673","{Product F,Product H,Product O} => {Product G}",0.0666666666666667,1,3,1
"674","{Product G,Product H,Product O} => {Product I}",0.0666666666666667,1,1.36363636363636,1
"675","{Product G,Product I,Product O} => {Product H}",0.0666666666666667,1,2.14285714285714,1
"676","{Product H,Product I,Product O} => {Product G}",0.0666666666666667,1,3,1
"677","{Product F,Product G,Product O} => {Product I}",0.0666666666666667,1,1.36363636363636,1
"678","{Product G,Product I,Product O} => {Product F}",0.0666666666666667,1,2.14285714285714,1
"679","{Product F,Product I,Product O} => {Product G}",0.0666666666666667,1,3,1
"680","{Product A,Product C,Product O} => {Product I}",0.133333333333333,1,1.36363636363636,2
"681","{Product A,Product I,Product O} => {Product C}",0.133333333333333,1,2.14285714285714,2
"682","{Product C,Product I,Product O} => {Product A}",0.133333333333333,1,2.14285714285714,2
"683","{Product E,Product J,Product O} => {Product H}",0.0666666666666667,1,2.14285714285714,1
"684","{Product E,Product H,Product O} => {Product J}",0.0666666666666667,1,2.5,1
"685","{Product H,Product J,Product O} => {Product E}",0.0666666666666667,1,2.5,1
"686","{Product E,Product J,Product O} => {Product F}",0.0666666666666667,1,2.14285714285714,1
"687","{Product E,Product F,Product O} => {Product J}",0.0666666666666667,1,2.5,1
"688","{Product F,Product J,Product O} => {Product E}",0.0666666666666667,1,2.5,1
"689","{Product E,Product J,Product O} => {Product I}",0.0666666666666667,1,1.36363636363636,1
"690","{Product E,Product I,Product O} => {Product J}",0.0666666666666667,1,2.5,1
"691","{Product I,Product J,Product O} => {Product E}",0.0666666666666667,1,2.5,1
"692","{Product E,Product H,Product O} => {Product F}",0.0666666666666667,1,2.14285714285714,1
"693","{Product E,Product F,Product O} => {Product H}",0.0666666666666667,1,2.14285714285714,1
"694","{Product F,Product H,Product O} => {Product E}",0.0666666666666667,1,2.5,1
"695","{Product E,Product H,Product O} => {Product I}",0.0666666666666667,1,1.36363636363636,1
"696","{Product E,Product I,Product O} => {Product H}",0.0666666666666667,1,2.14285714285714,1
"697","{Product H,Product I,Product O} => {Product E}",0.0666666666666667,1,2.5,1
"698","{Product E,Product F,Product O} => {Product I}",0.0666666666666667,1,1.36363636363636,1
"699","{Product E,Product I,Product O} => {Product F}",0.0666666666666667,1,2.14285714285714,1
"700","{Product F,Product I,Product O} => {Product E}",0.0666666666666667,1,2.5,1
"701","{Product H,Product J,Product O} => {Product F}",0.0666666666666667,1,2.14285714285714,1
"702","{Product F,Product J,Product O} => {Product H}",0.0666666666666667,1,2.14285714285714,1
"703","{Product F,Product H,Product O} => {Product J}",0.0666666666666667,1,2.5,1
"704","{Product H,Product J,Product O} => {Product I}",0.0666666666666667,1,1.36363636363636,1
"705","{Product I,Product J,Product O} => {Product H}",0.0666666666666667,1,2.14285714285714,1
"706","{Product H,Product I,Product O} => {Product J}",0.0666666666666667,1,2.5,1
"707","{Product F,Product J,Product O} => {Product I}",0.0666666666666667,1,1.36363636363636,1
"708","{Product I,Product J,Product O} => {Product F}",0.0666666666666667,1,2.14285714285714,1
"709","{Product F,Product I,Product O} => {Product J}",0.0666666666666667,1,2.5,1
"710","{Product F,Product H,Product O} => {Product I}",0.0666666666666667,1,1.36363636363636,1
"711","{Product H,Product I,Product O} => {Product F}",0.0666666666666667,1,2.14285714285714,1
"712","{Product F,Product I,Product O} => {Product H}",0.0666666666666667,1,2.14285714285714,1
"713","{Product A,Product G,Product L} => {Product J}",0.0666666666666667,1,2.5,1
"714","{Product G,Product J,Product L} => {Product A}",0.0666666666666667,1,2.14285714285714,1
"715","{Product A,Product G,Product J} => {Product L}",0.0666666666666667,1,3,1
"716","{Product A,Product G,Product L} => {Product F}",0.0666666666666667,1,2.14285714285714,1
"717","{Product F,Product G,Product L} => {Product A}",0.0666666666666667,1,2.14285714285714,1
"718","{Product A,Product F,Product L} => {Product G}",0.0666666666666667,1,3,1
"719","{Product A,Product F,Product G} => {Product L}",0.0666666666666667,1,3,1
"720","{Product A,Product G,Product L} => {Product I}",0.0666666666666667,1,1.36363636363636,1
"721","{Product G,Product I,Product L} => {Product A}",0.0666666666666667,1,2.14285714285714,1
"722","{Product A,Product G,Product I} => {Product L}",0.0666666666666667,1,3,1
"723","{Product G,Product J,Product L} => {Product F}",0.0666666666666667,1,2.14285714285714,1
"724","{Product F,Product G,Product L} => {Product J}",0.0666666666666667,1,2.5,1
"725","{Product G,Product J,Product L} => {Product I}",0.0666666666666667,1,1.36363636363636,1
"726","{Product G,Product I,Product L} => {Product J}",0.0666666666666667,1,2.5,1
"727","{Product F,Product G,Product L} => {Product I}",0.0666666666666667,1,1.36363636363636,1
"728","{Product G,Product I,Product L} => {Product F}",0.0666666666666667,1,2.14285714285714,1
"729","{Product A,Product F,Product L} => {Product J}",0.0666666666666667,1,2.5,1
"730","{Product A,Product F,Product J} => {Product L}",0.0666666666666667,1,3,1
"731","{Product A,Product J,Product L} => {Product I}",0.133333333333333,1,1.36363636363636,2
"732","{Product A,Product I,Product L} => {Product J}",0.133333333333333,1,2.5,2
"733","{Product A,Product I,Product J} => {Product L}",0.133333333333333,1,3,2
"734","{Product A,Product F,Product L} => {Product I}",0.0666666666666667,1,1.36363636363636,1
"735","{Product A,Product F,Product I} => {Product L}",0.0666666666666667,1,3,1
"736","{Product C,Product J,Product L} => {Product H}",0.0666666666666667,1,2.14285714285714,1
"737","{Product C,Product H,Product L} => {Product J}",0.0666666666666667,1,2.5,1
"738","{Product H,Product J,Product L} => {Product C}",0.0666666666666667,1,2.14285714285714,1
"739","{Product C,Product H,Product J} => {Product L}",0.0666666666666667,1,3,1
"740","{Product C,Product J,Product L} => {Product F}",0.0666666666666667,1,2.14285714285714,1
"741","{Product C,Product F,Product L} => {Product J}",0.0666666666666667,1,2.5,1
"742","{Product C,Product F,Product J} => {Product L}",0.0666666666666667,1,3,1
"743","{Product C,Product J,Product L} => {Product I}",0.0666666666666667,1,1.36363636363636,1
"744","{Product C,Product I,Product L} => {Product J}",0.0666666666666667,1,2.5,1
"745","{Product C,Product I,Product J} => {Product L}",0.0666666666666667,1,3,1
"746","{Product C,Product H,Product L} => {Product F}",0.0666666666666667,1,2.14285714285714,1
"747","{Product C,Product F,Product L} => {Product H}",0.0666666666666667,1,2.14285714285714,1
"748","{Product F,Product H,Product L} => {Product C}",0.0666666666666667,1,2.14285714285714,1
"749","{Product C,Product F,Product H} => {Product L}",0.0666666666666667,1,3,1
"750","{Product C,Product H,Product L} => {Product I}",0.0666666666666667,1,1.36363636363636,1
"751","{Product C,Product I,Product L} => {Product H}",0.0666666666666667,1,2.14285714285714,1
"752","{Product H,Product I,Product L} => {Product C}",0.0666666666666667,1,2.14285714285714,1
"753","{Product C,Product H,Product I} => {Product L}",0.0666666666666667,1,3,1
"754","{Product C,Product F,Product L} => {Product I}",0.0666666666666667,1,1.36363636363636,1
"755","{Product C,Product I,Product L} => {Product F}",0.0666666666666667,1,2.14285714285714,1
"756","{Product C,Product F,Product I} => {Product L}",0.0666666666666667,1,3,1
"757","{Product H,Product J,Product L} => {Product F}",0.0666666666666667,1,2.14285714285714,1
"758","{Product F,Product H,Product L} => {Product J}",0.0666666666666667,1,2.5,1
"759","{Product H,Product J,Product L} => {Product I}",0.0666666666666667,1,1.36363636363636,1
"760","{Product H,Product I,Product L} => {Product J}",0.0666666666666667,1,2.5,1
"761","{Product F,Product J,Product L} => {Product I}",0.133333333333333,1,1.36363636363636,2
"762","{Product F,Product I,Product L} => {Product J}",0.133333333333333,1,2.5,2
"763","{Product F,Product H,Product L} => {Product I}",0.0666666666666667,1,1.36363636363636,1
"764","{Product H,Product I,Product L} => {Product F}",0.0666666666666667,1,2.14285714285714,1
"765","{Product A,Product B,Product C} => {Product I}",0.333333333333333,1,1.36363636363636,5
"766","{Product A,Product B,Product I} => {Product C}",0.333333333333333,1,2.14285714285714,5
"767","{Product B,Product C,Product I} => {Product A}",0.333333333333333,1,2.14285714285714,5
"768","{Product A,Product C,Product I} => {Product B}",0.333333333333333,1,2.5,5
"769","{Product A,Product G,Product J} => {Product F}",0.0666666666666667,1,2.14285714285714,1
"770","{Product A,Product F,Product G} => {Product J}",0.0666666666666667,1,2.5,1
"771","{Product A,Product F,Product J} => {Product G}",0.0666666666666667,1,3,1
"772","{Product A,Product G,Product J} => {Product I}",0.0666666666666667,1,1.36363636363636,1
"773","{Product A,Product G,Product I} => {Product J}",0.0666666666666667,1,2.5,1
"774","{Product A,Product F,Product G} => {Product I}",0.0666666666666667,1,1.36363636363636,1
"775","{Product A,Product G,Product I} => {Product F}",0.0666666666666667,1,2.14285714285714,1
"776","{Product A,Product F,Product I} => {Product G}",0.0666666666666667,1,3,1
"777","{Product E,Product G,Product J} => {Product H}",0.133333333333333,1,2.14285714285714,2
"778","{Product G,Product H,Product J} => {Product E}",0.133333333333333,1,2.5,2
"779","{Product E,Product G,Product J} => {Product F}",0.133333333333333,1,2.14285714285714,2
"780","{Product E,Product G,Product J} => {Product I}",0.133333333333333,1,1.36363636363636,2
"781","{Product E,Product G,Product I} => {Product J}",0.133333333333333,1,2.5,2
"782","{Product E,Product G,Product H} => {Product F}",0.266666666666667,1,2.14285714285714,4
"783","{Product E,Product F,Product G} => {Product H}",0.266666666666667,1,2.14285714285714,4
"784","{Product F,Product G,Product H} => {Product E}",0.266666666666667,1,2.5,4
"785","{Product E,Product F,Product H} => {Product G}",0.266666666666667,0.8,2.4,4
"786","{Product E,Product G,Product I} => {Product H}",0.133333333333333,1,2.14285714285714,2
"787","{Product G,Product H,Product I} => {Product E}",0.133333333333333,1,2.5,2
"788","{Product E,Product G,Product I} => {Product F}",0.133333333333333,1,2.14285714285714,2
"789","{Product G,Product H,Product J} => {Product F}",0.133333333333333,1,2.14285714285714,2
"790","{Product G,Product H,Product J} => {Product I}",0.133333333333333,1,1.36363636363636,2
"791","{Product G,Product H,Product I} => {Product J}",0.133333333333333,1,2.5,2
"792","{Product F,Product G,Product J} => {Product I}",0.2,1,1.36363636363636,3
"793","{Product G,Product I,Product J} => {Product F}",0.2,1,2.14285714285714,3
"794","{Product F,Product G,Product I} => {Product J}",0.2,1,2.5,3
"795","{Product G,Product H,Product I} => {Product F}",0.133333333333333,1,2.14285714285714,2
"796","{Product A,Product F,Product J} => {Product I}",0.0666666666666667,1,1.36363636363636,1
"797","{Product A,Product F,Product I} => {Product J}",0.0666666666666667,1,2.5,1
"798","{Product C,Product H,Product J} => {Product F}",0.0666666666666667,1,2.14285714285714,1
"799","{Product C,Product F,Product J} => {Product H}",0.0666666666666667,1,2.14285714285714,1
"800","{Product C,Product F,Product H} => {Product J}",0.0666666666666667,1,2.5,1
"801","{Product C,Product H,Product J} => {Product I}",0.0666666666666667,1,1.36363636363636,1
"802","{Product C,Product I,Product J} => {Product H}",0.0666666666666667,1,2.14285714285714,1
"803","{Product C,Product H,Product I} => {Product J}",0.0666666666666667,1,2.5,1
"804","{Product C,Product F,Product J} => {Product I}",0.0666666666666667,1,1.36363636363636,1
"805","{Product C,Product I,Product J} => {Product F}",0.0666666666666667,1,2.14285714285714,1
"806","{Product C,Product F,Product I} => {Product J}",0.0666666666666667,1,2.5,1
"807","{Product C,Product F,Product H} => {Product I}",0.0666666666666667,1,1.36363636363636,1
"808","{Product C,Product H,Product I} => {Product F}",0.0666666666666667,1,2.14285714285714,1
"809","{Product C,Product F,Product I} => {Product H}",0.0666666666666667,1,2.14285714285714,1
"810","{Product E,Product H,Product J} => {Product F}",0.2,1,2.14285714285714,3
"811","{Product E,Product F,Product J} => {Product H}",0.2,1,2.14285714285714,3
"812","{Product E,Product H,Product J} => {Product I}",0.2,1,1.36363636363636,3
"813","{Product E,Product I,Product J} => {Product H}",0.2,1,2.14285714285714,3
"814","{Product E,Product H,Product I} => {Product J}",0.2,1,2.5,3
"815","{Product E,Product F,Product J} => {Product I}",0.2,1,1.36363636363636,3
"816","{Product E,Product I,Product J} => {Product F}",0.2,1,2.14285714285714,3
"817","{Product E,Product F,Product I} => {Product J}",0.2,1,2.5,3
"818","{Product E,Product H,Product I} => {Product F}",0.2,1,2.14285714285714,3
"819","{Product E,Product F,Product I} => {Product H}",0.2,1,2.14285714285714,3
"820","{Product F,Product H,Product J} => {Product I}",0.266666666666667,1,1.36363636363636,4
"821","{Product H,Product I,Product J} => {Product F}",0.266666666666667,1,2.14285714285714,4
"822","{Product F,Product I,Product J} => {Product H}",0.266666666666667,0.8,1.71428571428571,4
"823","{Product F,Product H,Product I} => {Product J}",0.266666666666667,1,2.5,4
